[{"model": "auth.user", "fields": {"password": "pbkdf2_sha256$1200000$kB0cFCrGJZWwhFsgcsE48s$fquQxeuA/RvCrAYzI0zdRL4AU1repcQ64ljVulU8dfc=", "last_login": "2026-07-19T09:22:46.837Z", "is_superuser": true, "username": "manager", "first_name": "Velora", "last_name": "Official", "email": "manager@gmail.com", "is_staff": true, "is_active": true, "date_joined": "2026-03-12T06:40:28.204Z", "groups": [], "user_permissions": []}}, {"model": "auth.user", "fields": {"password": "pbkdf2_sha256$1200000$bA0O5QilZ1SnhLJPjJjHM8$tMz/+lRO5YDWAdvNgjY/M/FbWN6r4sncqHPP6Yzx46A=", "last_login": null, "is_superuser": false, "username": "RATHIN96", "first_name": "Rathin", "last_name": "M", "email": "rathinlal11@gmail.com", "is_staff": false, "is_active": false, "date_joined": "2026-03-12T07:10:11.451Z", "groups": [], "user_permissions": []}}, {"model": "auth.user", "fields": {"password": "pbkdf2_sha256$1200000$6Ush3Rly0qSLNyoG3vVQvD$BqxlN9vRphMYVWbbImKy6Ws+9IGRvs/NVRluQkkRL4g=", "last_login": null, "is_superuser": false, "username": "vicj11", "first_name": "Vishnu", "last_name": "cj", "email": "vishnu@gmail.com", "is_staff": false, "is_active": false, "date_joined": "2026-03-12T07:29:09.258Z", "groups": [], "user_permissions": []}}, {"model": "auth.user", "fields": {"password": "pbkdf2_sha256$1000000$lTnA5rMWmcE8dKUxtMOmqs$t6SKV7lzESvfPnlwyMExe+x+BKVqOtz+li0ZgWJ0lhg=", "last_login": null, "is_superuser": false, "username": "Ram22", "first_name": "Rathin", "last_name": "Mn", "email": "rathinlal11@gmail.com", "is_staff": false, "is_active": true, "date_joined": "2026-06-26T08:44:46.553Z", "groups": [], "user_permissions": []}}, {"model": "auth.user", "fields": {"password": "pbkdf2_sha256$1000000$XmRfH0izd648w1MrKyo9gd$HzTNLXgfDzNJVFWFfIlgz61vKJucXTzoPqzKRzpYj1Q=", "last_login": null, "is_superuser": false, "username": "CJ12", "first_name": "VISHNU", "last_name": "CJ", "email": "vishnu@123gmail.com", "is_staff": false, "is_active": false, "date_joined": "2026-06-29T14:44:48.069Z", "groups": [], "user_permissions": []}}, {"model": "auth.user", "fields": {"password": "pbkdf2_sha256$1200000$n5nXLrX4OMtj2BTxGNAidq$yMw4EI5IU8SObES3yp0vQ8KN9WYMoVRa7xQufe3YSvw=", "last_login": null, "is_superuser": false, "username": "Nandu11", "first_name": "Nandu", "last_name": "AM", "email": "nandu@gmail.com", "is_staff": false, "is_active": false, "date_joined": "2026-07-01T10:59:25.868Z", "groups": [], "user_permissions": []}}, {"model": "auth.user", "fields": {"password": "pbkdf2_sha256$1200000$A4ZBKlT7x0rtZtGGQkgM23$cLjmAbaroXjdHj6Hth7Htd4vUvwsGA2+uCUqHGzGRXA=", "last_login": null, "is_superuser": false, "username": "Nandu12", "first_name": "Nandu", "last_name": "Am", "email": "nandu@gmail.com", "is_staff": false, "is_active": true, "date_joined": "2026-07-01T11:11:20.431Z", "groups": [], "user_permissions": []}}, {"model": "auth.user", "fields": {"password": "pbkdf2_sha256$1000000$JVXsttL8eQd2qewBXVD36u$ZozY25A1SPKM3f86LvGgkTBl0v19RvWaNmSDa+cwjgE=", "last_login": null, "is_superuser": false, "username": "CJV1", "first_name": "Vishnu", "last_name": "Cj", "email": "vishnucj@gmail.com", "is_staff": false, "is_active": true, "date_joined": "2026-07-05T10:11:12.355Z", "groups": [], "user_permissions": []}}, {"model": "auth.user", "fields": {"password": "pbkdf2_sha256$1000000$UlynaLZUFPaPElw5sKBtky$h+B4qbpI0pi1pUy7dai+pxS6i723LSJMRu2L5OATx9k=", "last_login": null, "is_superuser": false, "username": "Shyamoz", "first_name": "Midhun", "last_name": "Shyam", "email": "shyamoz@gmail.com", "is_staff": false, "is_active": true, "date_joined": "2026-07-07T08:35:41.612Z", "groups": [], "user_permissions": []}}, {"model": "auth.user", "fields": {"password": "pbkdf2_sha256$1200000$Hel9uolYiJWimlY5lh6UhJ$0yugwS7sMQugYDPCdahKOc7d2fArN15/lA7jheDtkxM=", "last_login": null, "is_superuser": false, "username": "Aju1", "first_name": "Adhi Dev", "last_name": "Malayil", "email": "adhi@gmail.com", "is_staff": false, "is_active": true, "date_joined": "2026-07-09T13:56:32.590Z", "groups": [], "user_permissions": []}}, {"model": "sessions.session", "pk": "bupsl5zvt2soieguwdfws7seac0rywft", "fields": {"session_data": ".eJxVjEEOwiAUBe_C2pBCoFCX7j0D-Tw-UjWQlHbVeHfTpAvdzkxmF4G2tYSt8xLmJK5Cicsvi4QX10OkJ9VHk2h1XeYoj0Setst7S_y-ne3foFAvx3bQDJsREysC62GEBbHL0M46A3hnoME5uYltHEw0kTGqibz12mXx-QIcZDki:1wlNjS:vQprjh9OweBl0JocLhC35agdzItfSCmJ4KWSc9U4tKE", "expire_date": "2026-08-02T09:22:46.844Z"}}, {"model": "sessions.session", "pk": "z1vgu1kdu77nx72gyidbapejf7xbm6gw", "fields": {"session_data": ".eJxVjDEOgzAMAP_iuYogTgAzdu8bkB2HhrZKJAJT1b9XSAztene6N0y8b2naa1ynRWGEFi6_TDg8Yz6EPjjfiwklb-si5kjMaau5FY2v69n-DRLXBCMIth0P6pBm20R0viOKDpXEk-eZKbhegvQuMg6IDaO0VsVbHDQ05ODzBdksN6I:1wgIwM:qLW42o7ge-n9c3w16dBBvDRMhM9G4ZFnOCjHwmgRNPA", "expire_date": "2026-07-19T09:15:06.914Z"}}, {"model": "product.category", "pk": 1, "fields": {"name": "Mobiles"}}, {"model": "product.category", "pk": 2, "fields": {"name": "Laptops"}}, {"model": "product.category", "pk": 3, "fields": {"name": "Television"}}, {"model": "product.category", "pk": 4, "fields": {"name": "Fashion"}}, {"model": "product.category", "pk": 6, "fields": {"name": "Sports"}}, {"model": "product.category", "pk": 8, "fields": {"name": "Home-Kitchen"}}, {"model": "product.size", "pk": 1, "fields": {"name": "S"}}, {"model": "product.size", "pk": 2, "fields": {"name": "M"}}, {"model": "product.size", "pk": 3, "fields": {"name": "L"}}, {"model": "product.size", "pk": 4, "fields": {"name": "XL"}}, {"model": "product.size", "pk": 5, "fields": {"name": "XXL"}}, {"model": "product.size", "pk": 6, "fields": {"name": "5"}}, {"model": "product.size", "pk": 7, "fields": {"name": "6"}}, {"model": "product.size", "pk": 8, "fields": {"name": "7"}}, {"model": "product.size", "pk": 9, "fields": {"name": "8"}}, {"model": "product.size", "pk": 10, "fields": {"name": "9"}}, {"model": "product.size", "pk": 11, "fields": {"name": "10"}}, {"model": "product.size", "pk": 12, "fields": {"name": "11"}}, {"model": "product.size", "pk": 13, "fields": {"name": "XS"}}, {"model": "product.product", "pk": 2, "fields": {"category": 1, "name": "Apple iPhone 17 Pro Max 512 GB: 17.42 cm (6.9″) Display with Promotion", "price": "149900.00", "discount_percentage": 12, "description": "UNIBODY DESIGN. FOR EXCEPTIONAL POWER — Heat-forged aluminium unibody enclosure for the most powerful iPhone ever made.\r\nDURABLE CERAMIC SHIELD. FRONT AND BACK — Ceramic Shield protects the back of iPhone 17 Pro Max, making it 4x more resistant to cracks. And the new Ceramic Shield 2 on the front has 3x better scratch resistance.\r\nTHE ULTIMATE PRO CAMERA SYSTEM — With all 48MP rear cameras and 8x optical-quality zoom — the longest zoom ever on an iPhone. It’s the equivalent of 8 pro lenses in your pocket.\r\n18MP CENTER STAGE FRONT CAMERA — Flexible ways to frame your shot. Smarter group selfies, Dual Capture video for simultaneous front and rear recording, and more.\r\nA19 PRO CHIP. VAPOUR COOLED. LIGHTNING FAST — A19 Pro is the most powerful iPhone chip yet, delivering up to 40% better sustained performance.\r\nBEST BATTERY LIFE IN ANY IPHONE — The unibody design creates massive additional battery capacity, for up to 37 hours of video playback. Charge up to 50% in 20 minutes.\r\niOS — A fresh design with Liquid Glass. Beautiful, delightful and instantly familiar. With a more vibrant Lock Screen, customisable backgrounds and polls in Messages, Call Screening and more.", "image": "product_images/iphone_17pro_ex13wsD.jpg", "has_size": true, "sizes": []}}, {"model": "product.product", "pk": 3, "fields": {"category": 3, "name": "Xiaomi 80 cm (32 inch) F Series HD Ready Smart LED Fire TV L32MB-FIN", "price": "12999.00", "discount_percentage": 8, "description": "Resolution : HD Ready (1366 x 768) | Refresh Rate : 60 Hertz\r\nConnectivity: 2 HDMI ports to connect set top box, Blu-ray speakers or gaming console | 2 USB ports to connect hard drives or other USB devices | Bluetooth | Built-in Wi-Fi\r\nSound: 20 Watts Output | Dolby Audio | DTS-HD | DTS Virtual : X\r\nSmart TV Features : Fire TV Built-In | Supported Apps: Prime Video | Netflix | Disney+ Hotstar | YouTube | 12000+ apps from App Store | Voice Remote with Alexa | DTH Set-Top Box Integration to switch between DTH TV Channels and OTT apps from home screen\r\nDisplay: HDR | HLG | Vivid Picture Engine\r\nWarranty Information: Enjoy 1 Year of Comprehensive Warranty\r\nAdditional information: Brand Warranty can be availed using amazon invoice and User manual can be accessed from brand website", "image": "product_images/Smart_tv.jpg", "has_size": false, "sizes": []}}, {"model": "product.product", "pk": 4, "fields": {"category": 2, "name": "Dell G15-5530 Gaming Laptop | 13th Generation", "price": "122999.00", "discount_percentage": 35, "description": "DELL G15 Microsoft Office Home 2024 Intel Core i5 13th Gen 13450HX - (16 GB/1 TB SSD/Windows 11 Home/6 GB Graphics/NVIDIA GeForce RTX 3050/120 Hz) G15 5530 Gaming Laptop (15.6 Inch, Dark Shadow Gray With Black Thermal Shelf, 2.65 Kg, With MS Office)", "image": "product_images/dellg15.avif", "has_size": false, "sizes": []}}, {"model": "product.product", "pk": 5, "fields": {"category": 4, "name": "ADIDAS Heather Low Shoes", "price": "5800.00", "discount_percentage": 52, "description": "Adidas shoes are well-known for their sleek designs and high performance. They are made of breathable fabrics, making them ideal for long-distance races. These sneakers are available in a variety of styles, closures, and colours. You can choose from colours like blue, burgundy, dark blue, navy, orange, pink, off-white, maroon, red, and so on. Take a look at the product label to get more information on these products. Adidas shoes come with engineered knit outsoles and flexible outsoles to support different running styles. While buying these running sneakers, make sure to determine the level of cushioning you need. More cushioning provides a higher comfort level but makes the footwear heavier. Less cushioning lets you feel the ground while running. So, check all the options available online and choose the sneakers based on your preferences and requirements. These sneakers come with durable traction and adequate support. They make running more comfortable and offer protection from sharp objects. You can avoid muscle cramps, joint pain, and more by wearing the right pair of sports shoe . Use suitable socks with these running boots. With proper care and maintenance, this footwear can last for a long time. Explore trending Adidas shoes from the comfort of your home and get them delivered to your doorsteps promptly.  The information you are reading has been last updated on 29-Jun-26", "image": "product_images/adidas_sheo.avif", "has_size": true, "sizes": [6, 7, 8, 9, 10, 11, 12]}}, {"model": "product.product", "pk": 6, "fields": {"category": 6, "name": "Adidas FIFA World Cup 26™ Official match ball", "price": "4828.00", "discount_percentage": 45, "description": "WORLD CUP 26-INSPIRED DESIGN – Flowing 4-panel “la ola” wave graphics that borrow the look and energy of the tournament’s official ball. SEAMLESS TSBE TOUCH – TSBE technology delivers a seamless feel for cleaner contact and more consistent play. MICRO-TEXTURED FOR PRECISION – Fine texture + debossing help improve control, precision, and in-flight stability. BUTYL BLADDER = AIR RETENTION – Butyl bladder helps lock in air so the ball keeps its shape game after game. TRAINING + MATCH READY DURABILITY – Made for training and matches with a TPU-laminated, durable surface; FIFA Quality testing for key performance metrics.", "image": "product_images/trionda.jpg", "has_size": false, "sizes": []}}, {"model": "product.product", "pk": 7, "fields": {"category": 6, "name": "Nivia Dominator 3.0 Football, Match Ball,", "price": "1320.00", "discount_percentage": 5, "description": "FIFA Basic Certified: Ideal for competitive championships.\r\nConsistent Flight & Bounce: Perfect for tournament-level precision.\r\nDurable & Soft PU Leather Cover: Long-lasting performance on all surfaces.\r\nCircumference 68.5-69.5cm cm; Weight 410-450 g.", "image": "product_images/nivyaball.jpg", "has_size": false, "sizes": []}}, {"model": "product.product", "pk": 8, "fields": {"category": 6, "name": "MRFl English Willow Cricket Bat – Clean Hitting Performance,", "price": "3200.00", "discount_percentage": 0, "description": "MRF Genius Virat Kohli edition english willow cricket bat English Willow Cricket  Bat For 15+ Yrs (1 kg)\r\nPro-level English willow quality\r\nClean hitting response\r\nBalanced for all formats\r\nDurable construction\r\nBuilt for serious cricket", "image": "product_images/mrf_bat.webp", "has_size": false, "sizes": []}}, {"model": "product.product", "pk": 9, "fields": {"category": 6, "name": "SG R.P.M. Sports Economy Kashmir Willow Cricket Kit (Assorted, Size - 6)", "price": "8299.00", "discount_percentage": 15, "description": "Sg cricket helmet\r\nSg cricket batting pads\r\nSg cricket rsd xtreme kashmir willow bat\r\nSg cricket batting gloves\r\nIn-box contents: 1 cricket kit bag, 1 cricket bat, 1 cricket helmet, 1 pair batting pads, 1 pair thigh pads, 1 pair batting gloves and 1 abdominal guard", "image": "product_images/crikit.jpg", "has_size": false, "sizes": []}}, {"model": "product.product", "pk": 10, "fields": {"category": 4, "name": "Men's Poly T-Shirt", "price": "4079.00", "discount_percentage": 56, "description": "PRODUCT STORY\r\nThis PUMA tee features a sleek Cat Logo rubber print. Made for those who love to be comfortable yet stylish. Perfect for lounging at home or casual activities.\r\n\r\nFEATURES & BENEFITS\r\nMade with 100% recycled material excluding trims & decorations\r\ndryCELL: Performance technology designed to wick moisture from the body and keep you free of sweat during exercise\r\nDETAILS\r\nRegular fit\r\nSingle jersey material\r\nRegular length\r\nCrew neck\r\nShort sleeves\r\nPUMA branding details\r\nMATERIAL INFORMATION\r\nShell: 100% Polyester\r\nCollar: 100% Polyester\r\nCARE INSTRUCTIONS\r\nWash and iron inside out\r\nDo not iron print\r\nUse detergent for colours\r\nWash with similar colours\r\nExclusive of Decoration", "image": "product_images/Mens-Poly-Tee.avif", "has_size": true, "sizes": [1, 2, 3, 5]}}, {"model": "product.product", "pk": 11, "fields": {"category": 1, "name": "Samsung Galaxy S26 Ultra 5G (Black, 12GB RAM, 512GB Storage) with Built-in Privacy Display", "price": "164966.00", "discount_percentage": 15, "description": "Built-in Privacy Display - Say hi to world's first Privacy Display on mobile. With this new layer of privacy, one can customize its screen with multiple viewability settings to ensure your everyday moments remain truly yours. Experience complete control with defense grade Knox security, on device protection and enjoy fast, reliable and secure payment anywhere with Samsung Wallet.\r\nAgentic AI Experience - Enjoy the pinnacle of mobile AI innovation with the easiest and effortless AI phone built to simplify everyday interactions and inspire confidence as the all-new Galaxy AI becomes truly intuitive and adaptive. The new Now Nudge intelligently reduces the steps and offers real-time suggestions. Find exactly what you are looking in just one quick search with Finder feature on Home screen. Add to it, the new One UI 8.5 personalizes your Galaxy in just a tap.\r\n200MP High Resolution Camera - Capture bright, detailed videos even at night with the brightest camera system and enhanced noise reduction solution. Now, easily edit your photos with Photo Assist or create personalized stickers from photos in a simple tap with Creative Studio, get the best end to end Camera experience.\r\nSnapdragon 8 Elite Gen 5 for Galaxy - Play graphic heavy games for long without ever worrying about your device at it now comes with the most powerful, customized processor and a newly designed Vapor Chamber. Galaxy S26 Ultra has Super Fast charging 3.0 supporting up to 60W charging speed and Super Fast Wireless charging supporting up to 25W charging speed, indeed ultra fast charging.\r\nUltra Modern, Sleek Design - A balanced design crafted with a new ambient island camera design and an Armor Aluminum frame fitted with Corning Gorilla Glass, and with stunning galaxy inspired colors, the Galaxy S26 Ultra is our slimmest Ultra yet.", "image": "product_images/samsung_ultra.jpg", "has_size": false, "sizes": []}}, {"model": "product.product", "pk": 13, "fields": {"category": 1, "name": "Nothing Phone (2a) 5G (Black, 8GB RAM, 256GB Storage) | 6.7\" AMOLED Display", "price": "24999.00", "discount_percentage": 0, "description": "Brand\tNothing\r\nOperating System\tAndroid\r\nRAM Memory Installed Size\t8 GB\r\nCPU Model\tSnapdragon\r\nCPU Speed\t2.8 GHz\r\nNothing Phone (2a) 5G (Black, 8GB RAM, 256GB Storage) | 6.7\" AMOLED Display | 50MP (OIS) + 50 MP | 32 MP Front | Mediatek Dimensity 7200 Pro Processor | Glyph Interface | 45 W Charging 100% in 59 mins", "image": "product_images/nothing_ph.jpg", "has_size": false, "sizes": []}}, {"model": "product.product", "pk": 14, "fields": {"category": 1, "name": "iQOO 15 (Legend, 12GB RAM, 256GB Storage) | Fastest Snapdragon 8 Elite Gen 5 Processor*", "price": "76999.00", "discount_percentage": 8, "description": "Brand\tiQOO\r\nOperating System\tOriginOS 6 based on Android 16\r\nRAM Memory Installed Size\t12 GB\r\nCPU Model\tSnapdragon\r\nCPU Speed\t4.6 GHz\r\nPERFORMANCE: Fastest Snapdragon 8 Elite Gen 5 Processor with TSMC's 3 nm process technology, and an impressive 4Mn+ AnTuTu score. In addition to that, it has LPDDR5X Ultra flagship-level RAM with UFS 4.1 Ultra-fast storage speed, 7000 mAh 4th Gen Silicon Anode Battery with 100W FlashCharge and 40W wireless charging.\r\nDISPLAY: Samsung 2K M14 LEAD OLED Display for the first time ever in android, and up to 6000 nits Local Peak Brightness for stunning outdoor visibility.\r\nGAMING: Supercomputing chip Q3, 2K + 144 FPS gaming for higher energy efficiency. iQOO’s 1st internally developed Game Livestreaming Assistant, PC-Grade Ray tracing technology and India's Largest Single Layer VC cooling system with 8000 mm².\r\nTRIPLE CAMERA SETUP: 50MP Sony 3X Periscope Camera, 50MP Sony VCS True Color Camera, 50MP Ultra Wide-Angle Camera with an Upgraded 32MP Selfie Camera and 4k Video Recording along with AI visual effects and AI reflection erase.\r\nOPERATING SYSTEM: OriginOS 6, Out of the Box with 5 years of OS updates and 7 years of security patches. It comes with Origin Island, Office Kit and Lock Screen Customization.", "image": "product_images/iqo.jpg", "has_size": false, "sizes": []}}, {"model": "product.product", "pk": 15, "fields": {"category": 2, "name": "Acer Aspire Lite, AMD Ryzen 3-7330U, Office 2024 + M365 Basic,8GB RAM", "price": "44999.00", "discount_percentage": 15, "description": "Brand\tAcer\r\nModel Name\tAspire Lite\r\nScreen Size\t15.6 Inches\r\nColour\tSteel Gray\r\nHard Disk Size\t256 GB\r\nCPU Model\tRyzen 3\r\nRAM Memory Installed Size\t8 GB\r\nOperating System\tWindows 11 Home\r\nSpecial Feature\tLightweight\r\nGraphics Card Description\tIntegrated\r\nProcessor: AMD Ryzen 3 7330U processor with AMD Radeon Graphics\r\nVisibly Stunning: 15.6\" Full HD IPS1920 x 1080, high-brightness TFT LCD : 16:9 aspect ratio, Ultra-slim design ,Mercury free, environment friendly\r\nInternal Specifications: RAM - Dual channel DDR4, 2 SODIMM sockets, 8 GB of DDR4 Memory Upgradable up to 32GB, DDR4 3200 MHz; Storage : 256GB, PCIe Gen3, Upgradable up to 1 TB\r\nPorts: 2 x USB 2.0 (Type A), 1 x USB 3.2 Gen 1 (Type A), 1 x USB 3.2 Gen 2 (Type C)\r\nKeyboard: 100-/101-/104-key keyboard with independent numeric keypad, international language support", "image": "product_images/513p8BwV-RL._SX679_.jpg", "has_size": false, "sizes": []}}, {"model": "product.product", "pk": 16, "fields": {"category": 2, "name": "ASUS Vivobook 15, Smartchoice,Intel Core i3 13th Gen 1315U, 12GB RAM", "price": "44990.00", "discount_percentage": 0, "description": "Brand\tASUS\r\nModel Name\tASUS Vivobook 15\r\nScreen Size\t15.6 Inches\r\nColour\tBlue - 12GB\r\nHard Disk Size\t512 GB\r\nCPU Model\tCore i3\r\nRAM Memory Installed Size\t12 GB\r\nOperating System\tWindows 11 Home\r\nSpecial Feature\t45% NTSC color gamut, Anti-glare display\r\nGraphics Card Description\r\nProcessor : Intel Core i3-1315U Processor 1.2 GHz (10MB Cache, up to 4.5 GHz, 6 cores, 8 Threads)\r\nDisplay : 15.6-inch, FHD (1920 x 1080) 16:9 aspect ratio, 60Hz refresh rate, 250nits Brightness, 45% NTSC color gamut, Anti-glare display, 84% Screen-to-body ratio | Keyboard : Backlit Chiclet Keyboard\r\n【Software : Microsoft 365 Basic with 100GB Cloud Storage for 1 Year + Office Home 2024 with lifetime validity | Operating System : Windows 11 Home】\r\nGraphics : Intergrated Intel UHD Graphics\r\nMemory : 12GB DDR4 RAM | Storage : 512GB M.2 NVMe PCIe 4.0 SSD", "image": "product_images/61JUHhbEMxL._SX679_.jpg", "has_size": false, "sizes": []}}, {"model": "product.product", "pk": 17, "fields": {"category": 3, "name": "Toshiba 139 cm (55 Inches) 4K Ultra HD Smart QLED TV | Dolby Atmos, HDR10+", "price": "45990.00", "discount_percentage": 0, "description": "Screen Size\t55 Inches\r\nBrand\tTOSHIBA\r\nDisplay Technology\t4K QLED, QLED\r\nResolution\t4K\r\nRefresh Rate\t60 Hz\r\nSpecial Feature\tAI 4K Upscaling | Game Mode Plus | AI Sports Mode| Dolby Vision and Dolby Atoms | AI Picture Optimizer | Far Field Voice Control | Airplay | Supported Apps : Netflix, Youtube, Prime Video, JioHotstar, SonyLiv, Zee5, SunNXT, Xstream Play, Apple TV, CrunchyRoll, TravelXPAI 4K Upscaling | Game Mode Plus | AI Sports Mode| Dolby Vision and Dolby Atoms | AI Picture Optimizer | Far Field Voice Control | Airplay | Supported Apps : Netflix, Youtube, Prime Video, JioHotstar, SonyLiv, Zee5, SunNXT, X… See more\r\nIncluded Components\tRemote Control, Table Stand, Television\r\nConnectivity Technology\tBluetooth, Ethernet, HDMI, USB, Wi-Fi\r\nAspect Ratio\t16:9\r\nProduct DiResolution: 4K Ultra HD (3840 x 2160) QLED TV | Refresh Rate: 60 hertz | AI HDR Enhancer | Dolby Vision/HDR 10+/HDR10/HLG\r\nConnectivity: 3 HDMI ports to connect set top box (HDMI 1 eARC supported) | 2 USB ports to connect hard drives and other USB devices | Built- in WiFi | Bluetooth 5.0 | Ethernet RJ45 | 3.5mm earphone Jack | Optical digital audio output (SPDIF)\r\nSound: 24 Watts Audio Output | Dolby Atoms | Dolby Digital| Audio Equalizer | MPEG-H Audio\r\nSmart TV Features: Vidaa TV with updated upto 8 years | Far Field Voice | Game Mode | Dolby Vision Gaming/HDR 10+ Gaming | AI Sports mode | AI 4K Upscaling | Screen Sharing | Airplay | Supported Apps: Netflix, Youtube, Prime Video, JioHotstar, SonyLiv, Zee5, SunNXT, Xstream Play, Apple TV, CrunchyRoll, TravelXP\r\nDisplay: Quantum Dot Technology | Wide Color Gamut | 8bit+FRC Color Depth | 5000 : 1 Native Contrast Ratio | REGZA Engine ZR | 4K upscaling Picture Quality Enhancement | AI HDR Enhancer | AI Picture Optimizer | Dolby Vision\r\nWarranty Information: 2-year warranty from date of purchase on the television set and 1-year warranty on the remote control provided by brand. Warranty claims can be processed using the Amazon e-invoice\r\nAdditional information : Brand Warranty can be availed using invoice. User manual can be accessed from brand website under About this item/ Product details section,for a successful return, Keep the item in its original condition with internal and external packaging. Some minor accessories may not be included contact customer support.mensions\t7.2D x 123.3W x 71.5H Centimeters", "image": "product_images/71BINZgq9L._SX522_.jpg", "has_size": false, "sizes": []}}, {"model": "product.product", "pk": 18, "fields": {"category": 3, "name": "VW 80 cm (32 inches) Spectra Series HD Ready Smart QLED Android TV VW32AQ3", "price": "9499.00", "discount_percentage": 0, "description": "Screen Size\t32 Inches\r\nBrand\tVisio World\r\nDisplay Technology\tQLED\r\nResolution\t1080p\r\nRefresh Rate\t60 Hz\r\nSpecial Feature\tHDR 10 | Supported Apps: Prime Video | Jio Hotstar | Netflix | Zee5 | IPE Technology | PC Connectivity | Playwall | Quad Core Processor | Screen MirroringHDR 10 | Supported Apps: Prime Video | Jio Hotstar | Netflix | Zee5 | IPE Technology | PC Connectivity | Playwall | Quad Core Processor | Screen Mirroring\r\nIncluded Components\t1 NUMBER TV UNIT, 1 NUMBER REMOTE CONTROL, 1 NUMBER POWER CORD, 1 NUMBER USER MANUAL, 2 NUMBER STANDS, 4 NUMBER STAND SCREW1 NUMBER TV UNIT, 1 NUMBER REMOTE CONTROL, 1 NUMBER POWER CORD, 1 NUMBER USER MANUAL, 2 NUMBER STANDS, 4 NUMBER STAND SCREW\r\nConnectivity Technology\tEthernet, HDMI, USB, Wi-Fi\r\nAspect Ratio\t16:9\r\nProduct Dimensions\t9D x 44W x 78H Centimeters\r\nResolution: HD (1366 x 768) | Refresh Rate: 60 Hertz\r\nConnectivity: 2 HDMI 2.0 and 1 HDMI 2.1 ports to connect set top box, Blu Ray players, gaming console | 2 USB 2.0 ports to connect hard drives and other USB devices\r\nSound : 24 Watts Output | Stereo Surround Sound with Box Speakers | 5 Sound Modes\r\nSmart TV Features : Prime Video, Jio Hotstar, Netflix, Zee5 and more | IPE Technology | PC Connectivity | Playwall | Quad Core Processor | Screen Mirroring| Energy Efficient\r\nDisplay: QLED | IPE Techonology | True Display | Quantum Lucent | Cinema Zoom | Supports 16.7 Million Colours\r\nWarranty Information: 1.5 Year comprehensive warranty on product provided by the brand from the date of purchase\r\nAdditional information : Brand Warranty can be availed using invoice. User manual can be accessed from brand website under About this item/ Product details section,for a successful return, Keep the item in its original condition with internal and external packaging. Some minor accessories may not be included contact customer support.", "image": "product_images/81oOBnd1iiL._SX522_.jpg", "has_size": false, "sizes": []}}, {"model": "product.product", "pk": 19, "fields": {"category": 3, "name": "VW 80 cm (32 inches) Frameless Series HD Ready QLED TV VW32MAX", "price": "7799.00", "discount_percentage": 0, "description": "Screen Size\t32 Inches\r\nBrand\tVisio World\r\nDisplay Technology\tQLED\r\nResolution\t720p\r\nRefresh Rate\t60 Hz\r\nSpecial Feature\t32 Inch HD QLED, with IPE Technology display.\r\nIncluded Components\t1 NUMBER TV UNIT, 1 NUMBER REMOTE CONTROL, 1 NUMBER POWER CORD, 1 NUMBER USER MANUAL, 2 NUMBER STANDS, 4 NUMBER STAND SCREW1 NUMBER TV UNIT, 1 NUMBER REMOTE CONTROL, 1 NUMBER POWER CORD, 1 NUMBER USER MANUAL, 2 NUMBER STANDS, 4 NUMBER STAND SCREW\r\nConnectivity Technology\tHDMI, USB\r\nAspect Ratio\t16:9\r\nProduct Dimensions\t15D x 72W x 47H Centimeters\r\nResolution: HD Ready(1366x768) I Refresh Rate: 60 Hertz I Viewing Angle: 178 Degrees\r\nConnectivity: 2 HDMI ports to connect set top box, Blu Ray players, gaming console | 2 USB ports to connect hard drives & other USB devices |\r\nSound : 24 Watts Output | Stereo Surround Sound with Box Speakers | 5 Sound Modes\r\nIPE Techonology, Cinema Mode, Cinema Zoom, Eco Vision II Connectivity: 1 HDMI port to connect set top box, Blu Ray players, gaming console | 2 USB ports to connect hard drives and other USB devices I|Energy Rating: 4 Star | Annual Energy Consumption: 46 kWh/year\r\n32 Inch HD QLED, with IPE Technology display.", "image": "product_images/81u85AVgcpL._SX522_.jpg", "has_size": false, "sizes": []}}, {"model": "product.product", "pk": 20, "fields": {"category": 6, "name": "Nivia Aura Goalkeeper Gloves for Men & Women, 4mm Dura Latex Palm", "price": "3599.00", "discount_percentage": 0, "description": "Brand\tNivia\r\nMaterial\tDura Latex Palm\r\nSize\tM\r\nSport\tFootball\r\nGlove Type\tGoalie\r\nAge Range (Description)\tAdult\r\nColour\tYellow/White\r\nSpecial Feature\tExtra Grip, Padded, Wrist Support\r\nItem Weight\t350 Grams\r\nClosure Type\tElastic Band✔ “Grip Rugged. Grip Strong.”: 4mm Dura Latex Palm with Dura Dots enhances rough-surface grip and extends palm durability.\r\n✔ “Punch Power. Molded Protection.”: Embossed Silicon Molded Backhand delivers solid punching strength and tactile rebound.\r\n✔ “Cool Hands. Full Control.”: Imported Breathaprene knit wrist system manages air circulation, disperses heat, and maintains comfort.\r\n✔ “Wrap. Lock. Own the Fit.”: Negative Cut + Thumb Wrap enhances full finger and thumb control for a precision hold.\r\n✔ “Strap to Win.”: 2.25” Removable Elastic Wrist Strap combined with knitted wrist lock system gives both structure and comfort.", "image": "product_images/81DLTUBrrVL._SX679_.jpg", "has_size": true, "sizes": [8, 9, 10, 11]}}, {"model": "product.product", "pk": 21, "fields": {"category": 6, "name": "Kobo GKG-42 Professional Soccer Goalkeeper Gloves with Finger Protection", "price": "1469.00", "discount_percentage": 0, "description": "Brand\tKobo\r\nMaterial\tTaiwan Latex Palm\r\nSize\t8.5\r\nSport\tFootball, Soccer\r\nGlove Type\tGoalie\r\nAge Range (Description)\tAdult\r\nColour\tBlack\r\nSpecial Feature\tAdjustable Strap, Extra Grip, Flexible, Padded, Taiwan Latex Palm\r\nItem Package Quantity\t1\r\nProduct Care Instructions\tHand Wash Only\r\n\r\n🧤 PREMIUM TAIWAN LATEX PALM: KOBO Goalkeeper Gloves feature high-quality Taiwan Latex Palm for superior grip, enhanced ball control, shock absorption, and reliable catching performance during football and soccer matches.\r\n🛡️ BUILT-IN FINGER PROTECTION SYSTEM: Advanced finger save protection helps reduce finger injuries, provides extra support, and improves confidence during dives, catches, and powerful ball impacts.\r\n✋ FLAT ROUND CUT PALM DESIGN: Professional Flat Round Cut construction offers a larger contact area, improved grip surface, comfortable fit, and better ball handling control for goalkeepers.\r\n⚽ SOFT & ATTRACTIVE BACKHAND DESIGN: Lightweight soft construction with an attractive professional backhand design delivers flexibility, comfort, durability, and stylish performance during training and match play.\r\n👜 PREMIUM GLOVE BAG INCLUDED: KOBO Football Goalkeeper Gloves come with a premium glove carry bag for secure storage, easy travel, and protection during football practice, academy sessions, and professional competitions.", "image": "product_images/71czL4i1EaL._SX679_.jpg", "has_size": true, "sizes": [6, 7, 8, 9, 10]}}, {"model": "product.product", "pk": 22, "fields": {"category": 4, "name": "SHIENZY Women Korean Style Night Suit | Round Neck Short Sleeve", "price": "4999.00", "discount_percentage": 80, "description": "Material composition52% Cotton And 48% Polyester & Elastane\r\nLengthFull Length\r\nCare instructionsMachine Wash\r\nClosure typePull On\r\nStyleCo-ord Set\r\nBottom stylePant\r\nCountry of OriginIndia\r\n✔ Trendy Korean Style Nightwear for Women & Girls – Stylish two-piece night suit inspired by Korean fashion trends, featuring cute prints and modern designs that give a youthful, elegant, and chic look. Perfect for women and girls who love fashionable, comfortable, sleepwear and loungewear.\r\n✔ Premium Soft Cotton Fabric for All-Night Comfort – Made from breathable, skin-friendly cotton that feels soft against the skin. Lightweight and comfortable, this nightwear ensures cool, relaxed, and cozy sleep every night, making it perfect for year-round use.\r\n✔ Complete Two-Piece Pajama Set with Relaxed Fit – Includes a comfortable top and matching elastic-waist pajama designed for free movement and a flattering fit. Ideal for sleeping, lounging at home, relaxing indoors, or casual wear, providing ultimate comfort without compromising style.\r\n✔ Versatile Sleepwear, Loungewear & Home Wear – Perfect for nightwear, indoor wear, lazy weekends, work-from-home comfort, pajama parties, or casual relaxation. This Korean-style cotton night suit doubles as stylish homewear, making it a practical and trendy wardrobe essential.\r\n✔ Durable, Easy-Care & Perfect Gift Option – Crafted with long-lasting fabric and strong stitching that retains softness and color. A thoughtful gift for women and girls on birthdays, anniversaries, festivals, or special occasions, combining style, comfort, and practicality in one nightwear set.\r\nAdditional Information\r\nManufacturerSHEINZY, SHIENZY\r\nPackerSHEINZY\r\nItem Weight300 g\r\nItem Dimensions LxWxH30 x 10 x 3 Centimeters\r\nNet Quantity1 Count\r\nIncluded ComponentsPants, T-Shirt\r\nGeneric Namewomen's pajama set", "image": "product_images/61-8mCdNFxL._SY741_.jpg", "has_size": true, "sizes": [1, 3, 4]}}, {"model": "product.product", "pk": 23, "fields": {"category": 4, "name": "Alan Jones Clothing Women's Solid Zipper", "price": "1799.00", "discount_percentage": 65, "description": "Material composition60% Cotton, 40% Polyester\r\nSleeve typeLong Sleeve\r\nMaterial typeCotton Blend\r\nFit typeRegular\r\nPremium Cotton Blend Fabric – Crafted from a cozy and durable 60% cotton, 40% polyester blend that provides warmth, breathability, and long-lasting comfort.\r\nStylish Solid Color Design – Minimalist yet fashionable solid hue makes it easy to pair with jeans, joggers, or leggings for a clean, everyday look.\r\nFunctional Front Zipper – Equipped with a smooth, high-quality zipper designed for durability and ease of use, ideal for layering in changing weather.\r\nComfortable Lined Hood – Features a hood with soft cotton lining to keep you warm and comfortable during chilly days or morning workouts.\r\nRibbed Hems for a Snug Fit – Ribbed cuffs and bottom hem offer a secure fit, helping to lock in warmth while maintaining the sweatshirt's shape over time\r\nLengthStandard Length\r\nNeck styleHooded Neck\r\nCountry of OriginIndia", "image": "product_images/71NSIFdknkL._SX679_.jpg", "has_size": true, "sizes": [1, 2, 3, 4, 5]}}, {"model": "product.product", "pk": 24, "fields": {"category": 8, "name": "Atomberg Zenova Mixer Grinder for Kitchen with Intelligent BLDC Motor", "price": "7999.00", "discount_percentage": 10, "description": "Brand\tatomberg\r\nColour\tRed Wine\r\nProduct Dimensions\t36.5D x 33.5W x 29.1H Centimeters\r\nMaterial\tAcrylonitrile Butadiene Styrene (ABS)\r\nSpecial Feature\tCoarse Mode, Advanced Safety Features, Sleek Design,Adjustable Speed Control\r\nCapacity\t1.5 Liters\r\nVoltage\t230 Volts\r\nWattage\t550 Watts\r\nControls Type\tKnob Control\r\nItem Weight\t6 Kilograms\r\nPowered by an Intelligent BLDC Motor Atomberg Zenova Mixer Grinder grinds every ingredient that a 1000W Mixer can like turmeric, garam masala, and coffee beans\r\nUnique Coarse Mode for sil-batta/ammikallu like texture – perfect for coarse chutneys, dips, and masalas with authentic taste\r\nIncludes 4 high quality, multifunctional jars – 1.5L liquidizing, 1L multipurpose, 0.5L chutney jar & spice grinding jar, and a unique 0.5L chopper jar for all kitchen tasks\r\nHands-free operation with anti-gravity lid locks – convenient, spill-free, and secure during every use.\r\nEquipped with advanced safety features - jar lock detection, fault LED indication, and no auto-restart after power cuts – designed for safe, worry-free experience\r\nVentless body design – prevents dust, pests, and moisture; makes cleaning hassle-free and extends durability.\r\nCompact and modern – smart design with energy-efficient motor, a sleek alternative to bulky 1000 Watt mixer grinders\r\n3-year warranty- comes with a standard 2-year warranty. An additional 1-year warranty can easily be availed by registering your purchase on the Atomberg website, in a simple three-step process", "image": "product_images/713NgjFAjlL._SX679_.jpg", "has_size": false, "sizes": []}}, {"model": "product.product", "pk": 25, "fields": {"category": 8, "name": "PHILIPS Air Fryer NA130, uses up to 90% less fat, 1700W,", "price": "7979.00", "discount_percentage": 13, "description": "Special Feature\tTemperature Control\r\nProduct Dimensions\t40.4D x 30.9W x 30.8H Centimeters\r\nColour\tBlack\r\nCapacity\tPhilips Airfryer NA130/00 (Extra Large, 6.2 L) lets you cook great tasting food with up to 90% less fat*\r\nPatented Rapid Air technology with unique starfish design pan ensures evenly fried results without flipping the food\r\nPreset menus for 12 different ways of cooking - Fry, bake, grill, roast and more. Easily adjust time and temperature — including reheating, defrosting and dehydrating\r\nExplore 100+ recipes that you love to cook daily with HomeID app\r\nEnergy Saving - with consumption of 70% lesser energy vs a conventional oven*\r\nPowerful 1700W Motor - that enables consistent and even airflow throw performance\r\nPhilips is India’s No.1 air fryer brand (Source: Euromonitor International Limited; Consumer Appliances 2022ED)\r\nInventor of the Airfryer6.2 Liters\r\nMaterial\tAluminium", "image": "product_images/51HxcDMFMUL._SX679_.jpg", "has_size": false, "sizes": []}}, {"model": "product.product", "pk": 26, "fields": {"category": 4, "name": "Nike Mens Downshifter 14 Running Shoes", "price": "4895.00", "discount_percentage": 15, "description": "WeightWeight\r\n800 Grams\r\nBest forBest for\r\nRunning\r\nCushionCushion\r\nCushioned\r\nMore about this product\r\nNike Downshifter 14 Men's Road Running Shoe Kick your stride into another gear in the Downshifter 14. We increased the amount of cushioning in the midsole for more comfort and responsiveness than the previous iteration. Plus, the upper is made with an open-hole mesh for optimal breathability and a midfoot band gives you a locked-in feel. Engineered open-hole mesh on the upper offers breathability. We increased the amount of cushioning in the midsole for more comfort and bounce. Internal fit band offers containment around the midfoot for a locked-in feel.\r\nBuilt with premium lightweight materials for enhanced durability and a natural feel.\r\nThe breathable upper design promotes airflow to keep your feet cool during Running.\r\nThe durable rubber outsole features a traction-focused pattern for multi-surface grip.", "image": "product_images/61U2wikE1gL._AC_SX679_.jpg", "has_size": true, "sizes": [7, 8, 9, 10]}}, {"model": "product.product", "pk": 27, "fields": {"category": 4, "name": "USPA U.S. Polo Assn Men|Bruce|Black Stylish Casual Sneaker Shoes for Man", "price": "5000.00", "discount_percentage": 48, "description": "Material typePolyurethane\r\nClosure typeLace-Up\r\nHeel typeNo Heel\r\nWater resistance levelNot Water Resistant\r\nSole materialRubber\r\nStyleSneaker\r\nCountry of OriginIndia\r\nManufacturerArvind Lifestyle Brands Limited, Arvind Lifestyle Brands Limited, 8th Floor, DU PARCTrinity, Trinity Circle, No.17, M.G Road, Bangalore, Karnataka-560001\r\nPackerArvind Lifestyle Brands Limited, 8th Floor, DU PARCTrinity, Trinity Circle, No.17, M.G Road, Bangalore, Karnataka-560001\r\nImporterArvind Lifestyle Brands Limited, 8th Floor, DU PARCTrinity, Trinity Circle, No.17, M.G Road, Bangalore, Karnataka-560001\r\nItem Weight600 g\r\nItem Dimensions LxWxH34.3 x 21.6 x 12.7 Centimeters\r\nNet Quantity1 Set\r\nGeneric NameSneaker", "image": "product_images/61p13trRJBL._SY625_.jpg", "has_size": true, "sizes": [7, 8, 9, 10, 11]}}, {"model": "product.product", "pk": 28, "fields": {"category": 8, "name": "Butterfly Rhino Plus 2 Litres Table-Top Wet Grinder", "price": "8825.00", "discount_percentage": 50, "description": "Powerful single phase high torque motor of 150 Watts\r\nDual Cylindrical grinding stones for uniform grinding pressure and 4 way grinding system\r\nShock proof ABS body and detachable stainless steel drum\r\nTransparent dust-cover lids made of polycarbonate material\r\nIncludes additional accessories of Atta kneader & Coconut scrapped with collector\r\nEasy to Clean and Maintain", "image": "product_images/61EdZ1gVDlL._SX679_.jpg", "has_size": false, "sizes": []}}, {"model": "product.profile", "pk": 6, "fields": {"user": ["Ram22"], "phone": "9876543210"}}, {"model": "product.profile", "pk": 9, "fields": {"user": ["Nandu12"], "phone": "9072484546"}}, {"model": "product.profile", "pk": 10, "fields": {"user": ["manager"], "phone": "8086203892"}}, {"model": "product.profile", "pk": 11, "fields": {"user": ["CJV1"], "phone": "9046592631"}}, {"model": "product.profile", "pk": 12, "fields": {"user": ["Shyamoz"], "phone": "8989868485"}}, {"model": "product.profile", "pk": 13, "fields": {"user": ["Aju1"], "phone": "9045768932"}}, {"model": "product.cart", "pk": 2, "fields": {"user": ["manager"]}}, {"model": "product.cart", "pk": 3, "fields": {"user": ["Ram22"]}}, {"model": "product.cart", "pk": 5, "fields": {"user": ["Nandu12"]}}, {"model": "product.cart", "pk": 6, "fields": {"user": ["CJV1"]}}, {"model": "product.cart", "pk": 7, "fields": {"user": ["Shyamoz"]}}, {"model": "product.cart", "pk": 8, "fields": {"user": ["Aju1"]}}, {"model": "product.cartitem", "pk": 44, "fields": {"cart": 5, "product": 3, "quantity": 1, "size": null}}, {"model": "product.wishlist", "pk": 1, "fields": {"user": ["RATHIN96"], "product": 3}}, {"model": "product.wishlist", "pk": 2, "fields": {"user": ["manager"], "product": 3}}, {"model": "product.wishlist", "pk": 5, "fields": {"user": ["Ram22"], "product": 3}}, {"model": "product.wishlist", "pk": 6, "fields": {"user": ["CJ12"], "product": 5}}, {"model": "product.wishlist", "pk": 7, "fields": {"user": ["Shyamoz"], "product": 6}}, {"model": "product.wishlist", "pk": 13, "fields": {"user": ["Nandu12"], "product": 6}}, {"model": "product.order", "pk": 1, "fields": {"refund_status": "Not Applicable", "user": ["Aju1"], "name": "Rathin Lal", "phone": "9876543210", "address": "cheruvatta", "state": "Kerala", "district": "Kozhikode", "postoffice": "Marikunnu", "pincode": "673012", "delivery_charge": "50.00", "total_price": "679.65", "status": "Pending", "payment_status": "Pending", "payment_id": null, "razorpay_order_id": null, "created_at": "2026-07-19T10:26:59.372Z"}}, {"model": "product.orderitem", "pk": 1, "fields": {"order": 1, "product": 23, "quantity": 1, "size": 3, "price": "629.65"}}, {"model": "product.review", "pk": 1, "fields": {"user": ["Ram22"], "product": 3, "rating": 4, "comment": "nice", "created_at": "2026-06-29T14:40:36.739Z"}}, {"model": "product.review", "pk": 2, "fields": {"user": ["CJ12"], "product": 3, "rating": 5, "comment": "good product", "created_at": "2026-06-29T14:53:44.269Z"}}, {"model": "product.review", "pk": 4, "fields": {"user": ["CJ12"], "product": 5, "rating": 5, "comment": "nice product", "created_at": "2026-06-29T17:02:45.587Z"}}, {"model": "product.review", "pk": 5, "fields": {"user": ["Shyamoz"], "product": 6, "rating": 4, "comment": "nice", "created_at": "2026-07-07T09:04:14.450Z"}}, {"model": "product.review", "pk": 6, "fields": {"user": ["Aju1"], "product": 5, "rating": 5, "comment": "assd", "created_at": "2026-07-09T14:58:17.917Z"}}, {"model": "product.review", "pk": 7, "fields": {"user": ["Aju1"], "product": 9, "rating": 4, "comment": "nice", "created_at": "2026-07-09T19:34:51.064Z"}}, {"model": "product.review", "pk": 8, "fields": {"user": ["Nandu12"], "product": 6, "rating": 5, "comment": "good product", "created_at": "2026-07-13T10:05:07.070Z"}}, {"model": "authtoken.token", "pk": "3104f8b201b8a58d2c6dc2ffb602b66971b738be", "fields": {"user": ["CJV1"], "created": "2026-07-05T10:11:18.052Z"}}, {"model": "authtoken.token", "pk": "625b7a85e21de50420c323358001a6a026573b96", "fields": {"user": ["Aju1"], "created": "2026-07-09T13:56:46.880Z"}}, {"model": "authtoken.token", "pk": "a72eb3c6dd23249ff73f9b28937e021b8ab1f33c", "fields": {"user": ["Shyamoz"], "created": "2026-07-07T08:36:02.752Z"}}, {"model": "authtoken.token", "pk": "b4a771652e51446430b006ef53d41668c3c01cea", "fields": {"user": ["manager"], "created": "2026-07-04T13:08:18.604Z"}}, {"model": "authtoken.token", "pk": "dec9cf3a758cb1e1cb805d6ecc24fc9217e88ad7", "fields": {"user": ["Ram22"], "created": "2026-06-26T09:12:21.046Z"}}, {"model": "authtoken.token", "pk": "eeb911cbbe6dd9618925a2fd86ff4c96c704666d", "fields": {"user": ["CJ12"], "created": "2026-06-29T14:45:23.867Z"}}, {"model": "authtoken.token", "pk": "f4f1767382eb3c94b976c3054abcbe73c7d376bc", "fields": {"user": ["Nandu12"], "created": "2026-07-01T11:11:51.753Z"}}, {"model": "admin.logentry", "pk": 1, "fields": {"action_time": "2026-03-12T06:48:32.503Z", "user": ["manager"], "content_type": ["product", "product"], "object_id": "3", "object_repr": "Xiaomi 80 cm (32 inch) F Series HD Ready Smart LED Fire TV L32MB-FIN", "action_flag": 1, "change_message": "[{\"added\": {}}]"}}, {"model": "admin.logentry", "pk": 2, "fields": {"action_time": "2026-03-12T07:23:19.300Z", "user": ["manager"], "content_type": ["product", "profile"], "object_id": "1", "object_repr": "RATHIN96", "action_flag": 1, "change_message": "[{\"added\": {}}]"}}, {"model": "admin.logentry", "pk": 3, "fields": {"action_time": "2026-03-12T07:29:35.192Z", "user": ["manager"], "content_type": ["product", "profile"], "object_id": "2", "object_repr": "vcj11", "action_flag": 3, "change_message": ""}}, {"model": "admin.logentry", "pk": 4, "fields": {"action_time": "2026-03-12T07:29:43.377Z", "user": ["manager"], "content_type": ["product", "profile"], "object_id": "3", "object_repr": "vicj11", "action_flag": 2, "change_message": "[]"}}, {"model": "admin.logentry", "pk": 5, "fields": {"action_time": "2026-06-29T13:27:57.553Z", "user": ["manager"], "content_type": ["product", "product"], "object_id": "4", "object_repr": "Dell G15-5530 Gaming Laptop | 13th Generation", "action_flag": 1, "change_message": "[{\"added\": {}}]"}}, {"model": "admin.logentry", "pk": 6, "fields": {"action_time": "2026-06-29T13:29:25.522Z", "user": ["manager"], "content_type": ["product", "profile"], "object_id": "5", "object_repr": "man", "action_flag": 3, "change_message": ""}}, {"model": "admin.logentry", "pk": 7, "fields": {"action_time": "2026-06-29T13:29:25.522Z", "user": ["manager"], "content_type": ["product", "profile"], "object_id": "4", "object_repr": "SS9", "action_flag": 3, "change_message": ""}}, {"model": "admin.logentry", "pk": 8, "fields": {"action_time": "2026-06-29T13:31:04.468Z", "user": ["manager"], "content_type": ["auth", "user"], "object_id": "5", "object_repr": "SS9", "action_flag": 3, "change_message": ""}}, {"model": "admin.logentry", "pk": 9, "fields": {"action_time": "2026-06-29T13:31:04.468Z", "user": ["manager"], "content_type": ["auth", "user"], "object_id": "6", "object_repr": "man", "action_flag": 3, "change_message": ""}}, {"model": "admin.logentry", "pk": 10, "fields": {"action_time": "2026-06-29T13:31:48.584Z", "user": ["manager"], "content_type": ["product", "orderitem"], "object_id": "10", "object_repr": "Xiaomi 80 cm (32 inch) F Series HD Ready Smart LED Fire TV L32MB-FIN", "action_flag": 3, "change_message": ""}}, {"model": "admin.logentry", "pk": 11, "fields": {"action_time": "2026-06-29T13:31:48.584Z", "user": ["manager"], "content_type": ["product", "orderitem"], "object_id": "9", "object_repr": "Xiaomi 80 cm (32 inch) F Series HD Ready Smart LED Fire TV L32MB-FIN", "action_flag": 3, "change_message": ""}}, {"model": "admin.logentry", "pk": 12, "fields": {"action_time": "2026-06-29T13:31:48.584Z", "user": ["manager"], "content_type": ["product", "orderitem"], "object_id": "8", "object_repr": "Apple 17Pro", "action_flag": 3, "change_message": ""}}, {"model": "admin.logentry", "pk": 13, "fields": {"action_time": "2026-06-29T13:31:48.584Z", "user": ["manager"], "content_type": ["product", "orderitem"], "object_id": "7", "object_repr": "Xiaomi 80 cm (32 inch) F Series HD Ready Smart LED Fire TV L32MB-FIN", "action_flag": 3, "change_message": ""}}, {"model": "admin.logentry", "pk": 14, "fields": {"action_time": "2026-06-29T13:31:48.584Z", "user": ["manager"], "content_type": ["product", "orderitem"], "object_id": "6", "object_repr": "Xiaomi 80 cm (32 inch) F Series HD Ready Smart LED Fire TV L32MB-FIN", "action_flag": 3, "change_message": ""}}, {"model": "admin.logentry", "pk": 15, "fields": {"action_time": "2026-06-29T13:31:48.584Z", "user": ["manager"], "content_type": ["product", "orderitem"], "object_id": "5", "object_repr": "Apple 17Pro", "action_flag": 3, "change_message": ""}}, {"model": "admin.logentry", "pk": 16, "fields": {"action_time": "2026-06-29T13:31:48.584Z", "user": ["manager"], "content_type": ["product", "orderitem"], "object_id": "4", "object_repr": "Xiaomi 80 cm (32 inch) F Series HD Ready Smart LED Fire TV L32MB-FIN", "action_flag": 3, "change_message": ""}}, {"model": "admin.logentry", "pk": 17, "fields": {"action_time": "2026-06-29T13:31:48.584Z", "user": ["manager"], "content_type": ["product", "orderitem"], "object_id": "3", "object_repr": "Xiaomi 80 cm (32 inch) F Series HD Ready Smart LED Fire TV L32MB-FIN", "action_flag": 3, "change_message": ""}}, {"model": "admin.logentry", "pk": 18, "fields": {"action_time": "2026-06-29T13:31:48.584Z", "user": ["manager"], "content_type": ["product", "orderitem"], "object_id": "2", "object_repr": "Apple 17Pro", "action_flag": 3, "change_message": ""}}, {"model": "admin.logentry", "pk": 19, "fields": {"action_time": "2026-06-29T13:31:48.584Z", "user": ["manager"], "content_type": ["product", "orderitem"], "object_id": "1", "object_repr": "Xiaomi 80 cm (32 inch) F Series HD Ready Smart LED Fire TV L32MB-FIN", "action_flag": 3, "change_message": ""}}, {"model": "admin.logentry", "pk": 20, "fields": {"action_time": "2026-06-29T13:32:03.988Z", "user": ["manager"], "content_type": ["product", "order"], "object_id": "10", "object_repr": "Order 10", "action_flag": 2, "change_message": "[{\"changed\": {\"fields\": [\"Status\"]}}]"}}, {"model": "admin.logentry", "pk": 21, "fields": {"action_time": "2026-06-29T13:34:15.333Z", "user": ["manager"], "content_type": ["product", "product"], "object_id": "4", "object_repr": "Dell G15-5530 Gaming Laptop | 13th Generation", "action_flag": 2, "change_message": "[{\"changed\": {\"fields\": [\"Category\"]}}]"}}, {"model": "admin.logentry", "pk": 22, "fields": {"action_time": "2026-06-29T13:34:22.284Z", "user": ["manager"], "content_type": ["product", "product"], "object_id": "3", "object_repr": "Xiaomi 80 cm (32 inch) F Series HD Ready Smart LED Fire TV L32MB-FIN", "action_flag": 2, "change_message": "[{\"changed\": {\"fields\": [\"Category\"]}}]"}}, {"model": "admin.logentry", "pk": 23, "fields": {"action_time": "2026-06-29T13:34:46.334Z", "user": ["manager"], "content_type": ["product", "product"], "object_id": "2", "object_repr": "Apple 17Pro Max", "action_flag": 2, "change_message": "[{\"changed\": {\"fields\": [\"Category\", \"Name\"]}}]"}}, {"model": "admin.logentry", "pk": 24, "fields": {"action_time": "2026-06-29T15:28:06.552Z", "user": ["manager"], "content_type": ["product", "profile"], "object_id": "3", "object_repr": "vicj11", "action_flag": 3, "change_message": ""}}, {"model": "admin.logentry", "pk": 25, "fields": {"action_time": "2026-06-29T15:28:06.552Z", "user": ["manager"], "content_type": ["product", "profile"], "object_id": "1", "object_repr": "RATHIN96", "action_flag": 3, "change_message": ""}}, {"model": "admin.logentry", "pk": 26, "fields": {"action_time": "2026-06-29T15:43:07.142Z", "user": ["manager"], "content_type": ["product", "product"], "object_id": "5", "object_repr": "ADIDAS Heather Low Shoes", "action_flag": 1, "change_message": "[{\"added\": {}}]"}}, {"model": "admin.logentry", "pk": 27, "fields": {"action_time": "2026-06-29T15:45:48.696Z", "user": ["manager"], "content_type": ["product", "order"], "object_id": "11", "object_repr": "Order 11", "action_flag": 2, "change_message": "[{\"changed\": {\"fields\": [\"Status\"]}}]"}}, {"model": "admin.logentry", "pk": 28, "fields": {"action_time": "2026-06-29T16:01:44.909Z", "user": ["manager"], "content_type": ["product", "category"], "object_id": "5", "object_repr": "SPORTS", "action_flag": 1, "change_message": "[{\"added\": {}}]"}}, {"model": "admin.logentry", "pk": 29, "fields": {"action_time": "2026-06-29T16:01:54.413Z", "user": ["manager"], "content_type": ["product", "category"], "object_id": "5", "object_repr": "SPORTS", "action_flag": 3, "change_message": ""}}, {"model": "admin.logentry", "pk": 30, "fields": {"action_time": "2026-06-29T16:02:06.343Z", "user": ["manager"], "content_type": ["product", "category"], "object_id": "6", "object_repr": "Sports", "action_flag": 1, "change_message": "[{\"added\": {}}]"}}, {"model": "admin.logentry", "pk": 31, "fields": {"action_time": "2026-06-29T16:07:26.465Z", "user": ["manager"], "content_type": ["product", "product"], "object_id": "6", "object_repr": "Adidas FIFA World Cup 26™ Official match ball", "action_flag": 1, "change_message": "[{\"added\": {}}]"}}, {"model": "admin.logentry", "pk": 32, "fields": {"action_time": "2026-06-29T16:10:09.306Z", "user": ["manager"], "content_type": ["product", "product"], "object_id": "7", "object_repr": "Nivia Dominator 3.0 Football, Match Ball, 32 Panels, Durable & Soft PU Leather, Butyl Fabric Wounded Bladder, FIFA Basic, to Play on Both Natural and Artificial Grass", "action_flag": 1, "change_message": "[{\"added\": {}}]"}}, {"model": "admin.logentry", "pk": 33, "fields": {"action_time": "2026-06-29T16:10:55.895Z", "user": ["manager"], "content_type": ["product", "product"], "object_id": "7", "object_repr": "Nivia Dominator 3.0 Football, Match Ball, 32 Panels, Durable & Soft PU Leather, Butyl Fabric Wounded Bladder, FIFA Basic, to Play on Both Natural and Artificial Grass", "action_flag": 2, "change_message": "[{\"changed\": {\"fields\": [\"Description\"]}}]"}}, {"model": "admin.logentry", "pk": 34, "fields": {"action_time": "2026-06-29T16:11:14.252Z", "user": ["manager"], "content_type": ["product", "product"], "object_id": "7", "object_repr": "Nivia Dominator 3.0 Football, Match Ball, 32 Panels, Durable & Soft PU Leather, Butyl Fabric Wounded Bladder, FIFA Basic, to Play on Both Natural and Artificial Grass", "action_flag": 2, "change_message": "[]"}}, {"model": "admin.logentry", "pk": 35, "fields": {"action_time": "2026-06-29T16:11:55.477Z", "user": ["manager"], "content_type": ["product", "product"], "object_id": "7", "object_repr": "Nivia Dominator 3.0 Football, Match Ball,", "action_flag": 2, "change_message": "[{\"changed\": {\"fields\": [\"Name\", \"Description\"]}}]"}}, {"model": "admin.logentry", "pk": 36, "fields": {"action_time": "2026-06-30T10:12:35.133Z", "user": ["manager"], "content_type": ["product", "order"], "object_id": "12", "object_repr": "Order 12", "action_flag": 2, "change_message": "[{\"changed\": {\"fields\": [\"Status\"]}}]"}}, {"model": "admin.logentry", "pk": 37, "fields": {"action_time": "2026-06-30T10:13:02.172Z", "user": ["manager"], "content_type": ["product", "order"], "object_id": "10", "object_repr": "Order 10", "action_flag": 3, "change_message": ""}}, {"model": "admin.logentry", "pk": 38, "fields": {"action_time": "2026-06-30T10:13:02.172Z", "user": ["manager"], "content_type": ["product", "order"], "object_id": "9", "object_repr": "Order 9", "action_flag": 3, "change_message": ""}}, {"model": "admin.logentry", "pk": 39, "fields": {"action_time": "2026-06-30T10:13:02.172Z", "user": ["manager"], "content_type": ["product", "order"], "object_id": "8", "object_repr": "Order 8", "action_flag": 3, "change_message": ""}}, {"model": "admin.logentry", "pk": 40, "fields": {"action_time": "2026-06-30T10:13:02.172Z", "user": ["manager"], "content_type": ["product", "order"], "object_id": "7", "object_repr": "Order 7", "action_flag": 3, "change_message": ""}}, {"model": "admin.logentry", "pk": 41, "fields": {"action_time": "2026-06-30T10:17:12.978Z", "user": ["manager"], "content_type": ["product", "order"], "object_id": "12", "object_repr": "Order 12", "action_flag": 2, "change_message": "[{\"changed\": {\"fields\": [\"Status\"]}}]"}}, {"model": "admin.logentry", "pk": 42, "fields": {"action_time": "2026-06-30T11:33:44.037Z", "user": ["manager"], "content_type": ["product", "order"], "object_id": "13", "object_repr": "Order 13", "action_flag": 2, "change_message": "[{\"changed\": {\"fields\": [\"Status\"]}}]"}}, {"model": "admin.logentry", "pk": 43, "fields": {"action_time": "2026-06-30T11:34:02.351Z", "user": ["manager"], "content_type": ["product", "order"], "object_id": "14", "object_repr": "Order 14", "action_flag": 2, "change_message": "[{\"changed\": {\"fields\": [\"Status\", \"Payment status\"]}}]"}}, {"model": "admin.logentry", "pk": 44, "fields": {"action_time": "2026-06-30T12:17:16.037Z", "user": ["manager"], "content_type": ["product", "order"], "object_id": "14", "object_repr": "Order 14", "action_flag": 3, "change_message": ""}}, {"model": "admin.logentry", "pk": 45, "fields": {"action_time": "2026-06-30T12:17:16.037Z", "user": ["manager"], "content_type": ["product", "order"], "object_id": "13", "object_repr": "Order 13", "action_flag": 3, "change_message": ""}}, {"model": "admin.logentry", "pk": 46, "fields": {"action_time": "2026-06-30T12:17:16.037Z", "user": ["manager"], "content_type": ["product", "order"], "object_id": "12", "object_repr": "Order 12", "action_flag": 3, "change_message": ""}}, {"model": "admin.logentry", "pk": 47, "fields": {"action_time": "2026-06-30T12:17:16.037Z", "user": ["manager"], "content_type": ["product", "order"], "object_id": "11", "object_repr": "Order 11", "action_flag": 3, "change_message": ""}}, {"model": "admin.logentry", "pk": 48, "fields": {"action_time": "2026-06-30T12:17:16.037Z", "user": ["manager"], "content_type": ["product", "order"], "object_id": "6", "object_repr": "Order 6", "action_flag": 3, "change_message": ""}}, {"model": "admin.logentry", "pk": 49, "fields": {"action_time": "2026-06-30T12:17:16.037Z", "user": ["manager"], "content_type": ["product", "order"], "object_id": "5", "object_repr": "Order 5", "action_flag": 3, "change_message": ""}}, {"model": "admin.logentry", "pk": 50, "fields": {"action_time": "2026-06-30T12:17:16.037Z", "user": ["manager"], "content_type": ["product", "order"], "object_id": "4", "object_repr": "Order 4", "action_flag": 3, "change_message": ""}}, {"model": "admin.logentry", "pk": 51, "fields": {"action_time": "2026-06-30T12:17:16.037Z", "user": ["manager"], "content_type": ["product", "order"], "object_id": "3", "object_repr": "Order 3", "action_flag": 3, "change_message": ""}}, {"model": "admin.logentry", "pk": 52, "fields": {"action_time": "2026-06-30T12:17:16.037Z", "user": ["manager"], "content_type": ["product", "order"], "object_id": "2", "object_repr": "Order 2", "action_flag": 3, "change_message": ""}}, {"model": "admin.logentry", "pk": 53, "fields": {"action_time": "2026-06-30T12:17:16.037Z", "user": ["manager"], "content_type": ["product", "order"], "object_id": "1", "object_repr": "Order 1", "action_flag": 3, "change_message": ""}}, {"model": "admin.logentry", "pk": 54, "fields": {"action_time": "2026-06-30T12:49:22.963Z", "user": ["manager"], "content_type": ["product", "order"], "object_id": "16", "object_repr": "Order 16", "action_flag": 2, "change_message": "[{\"changed\": {\"fields\": [\"Status\"]}}]"}}, {"model": "admin.logentry", "pk": 55, "fields": {"action_time": "2026-06-30T12:51:30.892Z", "user": ["manager"], "content_type": ["product", "order"], "object_id": "16", "object_repr": "Order 16", "action_flag": 2, "change_message": "[{\"changed\": {\"fields\": [\"Status\", \"Payment status\"]}}]"}}, {"model": "admin.logentry", "pk": 56, "fields": {"action_time": "2026-06-30T12:51:42.081Z", "user": ["manager"], "content_type": ["product", "order"], "object_id": "15", "object_repr": "Order 15", "action_flag": 2, "change_message": "[{\"changed\": {\"fields\": [\"Status\", \"Payment status\"]}}]"}}, {"model": "admin.logentry", "pk": 57, "fields": {"action_time": "2026-06-30T13:16:16.830Z", "user": ["manager"], "content_type": ["product", "order"], "object_id": "19", "object_repr": "Order 19", "action_flag": 3, "change_message": ""}}, {"model": "admin.logentry", "pk": 58, "fields": {"action_time": "2026-06-30T13:16:16.830Z", "user": ["manager"], "content_type": ["product", "order"], "object_id": "18", "object_repr": "Order 18", "action_flag": 3, "change_message": ""}}, {"model": "admin.logentry", "pk": 59, "fields": {"action_time": "2026-06-30T13:16:16.830Z", "user": ["manager"], "content_type": ["product", "order"], "object_id": "17", "object_repr": "Order 17", "action_flag": 3, "change_message": ""}}, {"model": "admin.logentry", "pk": 60, "fields": {"action_time": "2026-06-30T13:16:16.830Z", "user": ["manager"], "content_type": ["product", "order"], "object_id": "16", "object_repr": "Order 16", "action_flag": 3, "change_message": ""}}, {"model": "admin.logentry", "pk": 61, "fields": {"action_time": "2026-06-30T13:16:16.830Z", "user": ["manager"], "content_type": ["product", "order"], "object_id": "15", "object_repr": "Order 15", "action_flag": 3, "change_message": ""}}, {"model": "admin.logentry", "pk": 62, "fields": {"action_time": "2026-06-30T13:27:36.276Z", "user": ["manager"], "content_type": ["product", "order"], "object_id": "20", "object_repr": "Order 20", "action_flag": 2, "change_message": "[{\"changed\": {\"fields\": [\"Status\"]}}]"}}, {"model": "admin.logentry", "pk": 63, "fields": {"action_time": "2026-06-30T13:32:37.870Z", "user": ["manager"], "content_type": ["product", "order"], "object_id": "22", "object_repr": "Order 22", "action_flag": 3, "change_message": ""}}, {"model": "admin.logentry", "pk": 64, "fields": {"action_time": "2026-06-30T13:34:16.282Z", "user": ["manager"], "content_type": ["product", "order"], "object_id": "20", "object_repr": "Order 20", "action_flag": 2, "change_message": "[{\"changed\": {\"fields\": [\"Status\"]}}]"}}, {"model": "admin.logentry", "pk": 65, "fields": {"action_time": "2026-06-30T13:50:51.029Z", "user": ["manager"], "content_type": ["product", "order"], "object_id": "21", "object_repr": "Order 21", "action_flag": 2, "change_message": "[{\"changed\": {\"fields\": [\"Status\"]}}]"}}, {"model": "admin.logentry", "pk": 66, "fields": {"action_time": "2026-06-30T13:57:31.567Z", "user": ["manager"], "content_type": ["product", "order"], "object_id": "21", "object_repr": "Order 21", "action_flag": 2, "change_message": "[{\"changed\": {\"fields\": [\"Status\"]}}]"}}, {"model": "admin.logentry", "pk": 67, "fields": {"action_time": "2026-06-30T13:57:50.640Z", "user": ["manager"], "content_type": ["product", "order"], "object_id": "21", "object_repr": "Order 21", "action_flag": 2, "change_message": "[{\"changed\": {\"fields\": [\"Status\"]}}]"}}, {"model": "admin.logentry", "pk": 68, "fields": {"action_time": "2026-06-30T14:36:45.158Z", "user": ["manager"], "content_type": ["product", "orderitem"], "object_id": "25", "object_repr": "Dell G15-5530 Gaming Laptop | 13th Generation", "action_flag": 1, "change_message": "[{\"added\": {}}]"}}, {"model": "admin.logentry", "pk": 69, "fields": {"action_time": "2026-06-30T14:37:36.073Z", "user": ["manager"], "content_type": ["product", "orderitem"], "object_id": "25", "object_repr": "Dell G15-5530 Gaming Laptop | 13th Generation", "action_flag": 3, "change_message": ""}}, {"model": "admin.logentry", "pk": 70, "fields": {"action_time": "2026-06-30T16:25:55.753Z", "user": ["manager"], "content_type": ["product", "product"], "object_id": "8", "object_repr": "MRFl English Willow Cricket Bat – Clean Hitting Performance,", "action_flag": 1, "change_message": "[{\"added\": {}}]"}}, {"model": "admin.logentry", "pk": 71, "fields": {"action_time": "2026-06-30T16:28:01.281Z", "user": ["manager"], "content_type": ["product", "product"], "object_id": "9", "object_repr": "SG R.P.M. Sports Economy Kashmir Willow Cricket Kit (Assorted, Size - 6)", "action_flag": 1, "change_message": "[{\"added\": {}}]"}}, {"model": "admin.logentry", "pk": 72, "fields": {"action_time": "2026-06-30T16:31:48.331Z", "user": ["manager"], "content_type": ["product", "product"], "object_id": "10", "object_repr": "Men's Poly Tee", "action_flag": 1, "change_message": "[{\"added\": {}}]"}}, {"model": "admin.logentry", "pk": 73, "fields": {"action_time": "2026-06-30T16:33:35.631Z", "user": ["manager"], "content_type": ["product", "product"], "object_id": "10", "object_repr": "Men's Poly T-Shirt", "action_flag": 2, "change_message": "[{\"changed\": {\"fields\": [\"Name\"]}}]"}}, {"model": "admin.logentry", "pk": 74, "fields": {"action_time": "2026-07-01T09:44:55.988Z", "user": ["manager"], "content_type": ["product", "order"], "object_id": "21", "object_repr": "Order 21", "action_flag": 2, "change_message": "[{\"changed\": {\"fields\": [\"Status\"]}}]"}}, {"model": "admin.logentry", "pk": 75, "fields": {"action_time": "2026-07-01T09:45:58.898Z", "user": ["manager"], "content_type": ["product", "order"], "object_id": "21", "object_repr": "Order 21", "action_flag": 2, "change_message": "[{\"changed\": {\"fields\": [\"Refund status\"]}}]"}}, {"model": "admin.logentry", "pk": 76, "fields": {"action_time": "2026-07-01T09:49:35.603Z", "user": ["manager"], "content_type": ["product", "order"], "object_id": "23", "object_repr": "Order 23", "action_flag": 2, "change_message": "[{\"changed\": {\"fields\": [\"Refund status\"]}}]"}}, {"model": "admin.logentry", "pk": 77, "fields": {"action_time": "2026-07-01T09:49:35.643Z", "user": ["manager"], "content_type": ["product", "order"], "object_id": "23", "object_repr": "Order 23", "action_flag": 2, "change_message": "[]"}}, {"model": "admin.logentry", "pk": 78, "fields": {"action_time": "2026-07-01T09:58:06.751Z", "user": ["manager"], "content_type": ["product", "order"], "object_id": "23", "object_repr": "Order 23", "action_flag": 2, "change_message": "[{\"changed\": {\"fields\": [\"Refund status\"]}}]"}}, {"model": "admin.logentry", "pk": 79, "fields": {"action_time": "2026-07-01T09:58:24.743Z", "user": ["manager"], "content_type": ["product", "order"], "object_id": "23", "object_repr": "Order 23", "action_flag": 2, "change_message": "[{\"changed\": {\"fields\": [\"Refund status\"]}}]"}}, {"model": "admin.logentry", "pk": 80, "fields": {"action_time": "2026-07-01T10:00:23.343Z", "user": ["manager"], "content_type": ["product", "order"], "object_id": "23", "object_repr": "Order 23", "action_flag": 2, "change_message": "[{\"changed\": {\"fields\": [\"Refund status\"]}}]"}}, {"model": "admin.logentry", "pk": 81, "fields": {"action_time": "2026-07-01T11:07:55.078Z", "user": ["manager"], "content_type": ["product", "profile"], "object_id": "8", "object_repr": "Nandu11", "action_flag": 3, "change_message": ""}}, {"model": "admin.logentry", "pk": 82, "fields": {"action_time": "2026-07-01T11:08:01.604Z", "user": ["manager"], "content_type": ["product", "profile"], "object_id": "7", "object_repr": "CJ12", "action_flag": 3, "change_message": ""}}, {"model": "admin.logentry", "pk": 83, "fields": {"action_time": "2026-07-01T11:13:18.036Z", "user": ["manager"], "content_type": ["product", "order"], "object_id": "24", "object_repr": "Order 24", "action_flag": 2, "change_message": "[{\"changed\": {\"fields\": [\"Status\"]}}]"}}, {"model": "admin.logentry", "pk": 84, "fields": {"action_time": "2026-07-01T11:14:08.586Z", "user": ["manager"], "content_type": ["product", "order"], "object_id": "24", "object_repr": "Order 24", "action_flag": 2, "change_message": "[{\"changed\": {\"fields\": [\"Status\", \"Payment status\"]}}]"}}, {"model": "admin.logentry", "pk": 85, "fields": {"action_time": "2026-07-01T11:15:34.191Z", "user": ["manager"], "content_type": ["product", "order"], "object_id": "25", "object_repr": "Order 25", "action_flag": 2, "change_message": "[{\"changed\": {\"fields\": [\"Payment status\"]}}]"}}, {"model": "admin.logentry", "pk": 86, "fields": {"action_time": "2026-07-01T11:18:54.247Z", "user": ["manager"], "content_type": ["product", "cart"], "object_id": "4", "object_repr": "CJ12", "action_flag": 3, "change_message": ""}}, {"model": "admin.logentry", "pk": 87, "fields": {"action_time": "2026-07-01T11:18:54.247Z", "user": ["manager"], "content_type": ["product", "cart"], "object_id": "1", "object_repr": "RATHIN96", "action_flag": 3, "change_message": ""}}, {"model": "admin.logentry", "pk": 88, "fields": {"action_time": "2026-07-04T12:42:32.723Z", "user": ["manager"], "content_type": ["product", "product"], "object_id": "11", "object_repr": "Samsung Galaxy S26 Ultra 5G (Black, 12GB RAM, 512GB Storage) with Built-in Privacy Display, AI Phone, Photo Assist, Creative Studio, 200MP Camera, 5000mAh...", "action_flag": 1, "change_message": "[{\"added\": {}}]"}}, {"model": "admin.logentry", "pk": 89, "fields": {"action_time": "2026-07-04T12:44:23.472Z", "user": ["manager"], "content_type": ["product", "product"], "object_id": "2", "object_repr": "Apple iPhone 17 Pro Max 512 GB: 17.42 cm (6.9″) Display with Promotion, A19 Pro Chip, Best Battery Life in Any iPhone Ever, Pro Fusion Camera System, Center Stage Front Camera", "action_flag": 2, "change_message": "[{\"changed\": {\"fields\": [\"Name\", \"Price\", \"Description\"]}}]"}}, {"model": "admin.logentry", "pk": 90, "fields": {"action_time": "2026-07-05T09:15:23.361Z", "user": ["manager"], "content_type": ["product", "order"], "object_id": "26", "object_repr": "Order 26", "action_flag": 2, "change_message": "[{\"changed\": {\"fields\": [\"Refund status\"]}}]"}}, {"model": "admin.logentry", "pk": 91, "fields": {"action_time": "2026-07-05T09:16:00.827Z", "user": ["manager"], "content_type": ["product", "order"], "object_id": "25", "object_repr": "Order 25", "action_flag": 2, "change_message": "[{\"changed\": {\"fields\": [\"Refund status\"]}}]"}}, {"model": "admin.logentry", "pk": 92, "fields": {"action_time": "2026-07-05T09:16:32.958Z", "user": ["manager"], "content_type": ["product", "order"], "object_id": "25", "object_repr": "Order 25", "action_flag": 2, "change_message": "[]"}}, {"model": "admin.logentry", "pk": 93, "fields": {"action_time": "2026-07-05T09:16:40.941Z", "user": ["manager"], "content_type": ["product", "order"], "object_id": "23", "object_repr": "Order 23", "action_flag": 2, "change_message": "[]"}}, {"model": "admin.logentry", "pk": 94, "fields": {"action_time": "2026-07-05T09:17:06.074Z", "user": ["manager"], "content_type": ["product", "order"], "object_id": "23", "object_repr": "Order 23", "action_flag": 2, "change_message": "[{\"changed\": {\"fields\": [\"Refund status\"]}}]"}}, {"model": "admin.logentry", "pk": 95, "fields": {"action_time": "2026-07-05T09:17:26.003Z", "user": ["manager"], "content_type": ["product", "order"], "object_id": "23", "object_repr": "Order 23", "action_flag": 2, "change_message": "[{\"changed\": {\"fields\": [\"Refund status\"]}}]"}}, {"model": "admin.logentry", "pk": 96, "fields": {"action_time": "2026-07-05T09:24:41.884Z", "user": ["manager"], "content_type": ["product", "order"], "object_id": "23", "object_repr": "Order 23", "action_flag": 2, "change_message": "[]"}}, {"model": "admin.logentry", "pk": 97, "fields": {"action_time": "2026-07-05T09:24:53.892Z", "user": ["manager"], "content_type": ["product", "order"], "object_id": "23", "object_repr": "Order 23", "action_flag": 3, "change_message": ""}}, {"model": "admin.logentry", "pk": 98, "fields": {"action_time": "2026-07-05T09:24:53.892Z", "user": ["manager"], "content_type": ["product", "order"], "object_id": "21", "object_repr": "Order 21", "action_flag": 3, "change_message": ""}}, {"model": "admin.logentry", "pk": 99, "fields": {"action_time": "2026-07-05T09:24:53.892Z", "user": ["manager"], "content_type": ["product", "order"], "object_id": "20", "object_repr": "Order 20", "action_flag": 3, "change_message": ""}}, {"model": "admin.logentry", "pk": 100, "fields": {"action_time": "2026-07-05T09:26:19.973Z", "user": ["manager"], "content_type": ["product", "orderitem"], "object_id": "29", "object_repr": "Samsung Galaxy S26 Ultra 5G (Black, 12GB RAM, 512GB Storage) with Built-in Privacy Display, AI Phone, Photo Assist, Creative Studio, 200MP Camera, 5000mAh...", "action_flag": 3, "change_message": ""}}, {"model": "admin.logentry", "pk": 101, "fields": {"action_time": "2026-07-05T09:26:19.973Z", "user": ["manager"], "content_type": ["product", "orderitem"], "object_id": "28", "object_repr": "Men's Poly T-Shirt", "action_flag": 3, "change_message": ""}}, {"model": "admin.logentry", "pk": 102, "fields": {"action_time": "2026-07-05T09:26:19.973Z", "user": ["manager"], "content_type": ["product", "orderitem"], "object_id": "27", "object_repr": "MRFl English Willow Cricket Bat – Clean Hitting Performance,", "action_flag": 3, "change_message": ""}}, {"model": "admin.logentry", "pk": 103, "fields": {"action_time": "2026-07-05T09:32:50.687Z", "user": ["manager"], "content_type": ["product", "order"], "object_id": "26", "object_repr": "Order 26", "action_flag": 3, "change_message": ""}}, {"model": "admin.logentry", "pk": 104, "fields": {"action_time": "2026-07-05T09:33:01.704Z", "user": ["manager"], "content_type": ["product", "order"], "object_id": "25", "object_repr": "Order 25", "action_flag": 3, "change_message": ""}}, {"model": "admin.logentry", "pk": 105, "fields": {"action_time": "2026-07-05T10:33:15.981Z", "user": ["manager"], "content_type": ["product", "order"], "object_id": "29", "object_repr": "Order 29", "action_flag": 2, "change_message": "[{\"changed\": {\"fields\": [\"Refund status\"]}}]"}}, {"model": "admin.logentry", "pk": 106, "fields": {"action_time": "2026-07-05T10:33:45.784Z", "user": ["manager"], "content_type": ["product", "order"], "object_id": "29", "object_repr": "Order 29", "action_flag": 2, "change_message": "[{\"changed\": {\"fields\": [\"Refund status\"]}}]"}}, {"model": "admin.logentry", "pk": 107, "fields": {"action_time": "2026-07-05T11:17:11.001Z", "user": ["manager"], "content_type": ["product", "order"], "object_id": "29", "object_repr": "Order 29", "action_flag": 2, "change_message": "[{\"changed\": {\"fields\": [\"Refund status\"]}}]"}}, {"model": "admin.logentry", "pk": 108, "fields": {"action_time": "2026-07-07T10:04:37.329Z", "user": ["manager"], "content_type": ["product", "order"], "object_id": "33", "object_repr": "Order 33", "action_flag": 3, "change_message": ""}}, {"model": "admin.logentry", "pk": 109, "fields": {"action_time": "2026-07-07T10:04:57.881Z", "user": ["manager"], "content_type": ["product", "order"], "object_id": "24", "object_repr": "Order 24", "action_flag": 3, "change_message": ""}}, {"model": "admin.logentry", "pk": 110, "fields": {"action_time": "2026-07-07T11:48:31.086Z", "user": ["manager"], "content_type": ["product", "order"], "object_id": "35", "object_repr": "Order 35", "action_flag": 3, "change_message": ""}}, {"model": "admin.logentry", "pk": 111, "fields": {"action_time": "2026-07-07T11:48:31.086Z", "user": ["manager"], "content_type": ["product", "order"], "object_id": "34", "object_repr": "Order 34", "action_flag": 3, "change_message": ""}}, {"model": "admin.logentry", "pk": 112, "fields": {"action_time": "2026-07-07T15:14:25.135Z", "user": ["manager"], "content_type": ["product", "order"], "object_id": "37", "object_repr": "Order 37", "action_flag": 3, "change_message": ""}}, {"model": "admin.logentry", "pk": 113, "fields": {"action_time": "2026-07-09T11:10:03.089Z", "user": ["manager"], "content_type": ["product", "order"], "object_id": "45", "object_repr": "Order 45", "action_flag": 3, "change_message": ""}}, {"model": "admin.logentry", "pk": 114, "fields": {"action_time": "2026-07-09T11:10:03.089Z", "user": ["manager"], "content_type": ["product", "order"], "object_id": "44", "object_repr": "Order 44", "action_flag": 3, "change_message": ""}}, {"model": "admin.logentry", "pk": 115, "fields": {"action_time": "2026-07-09T11:10:03.089Z", "user": ["manager"], "content_type": ["product", "order"], "object_id": "43", "object_repr": "Order 43", "action_flag": 3, "change_message": ""}}, {"model": "admin.logentry", "pk": 116, "fields": {"action_time": "2026-07-09T11:10:03.089Z", "user": ["manager"], "content_type": ["product", "order"], "object_id": "42", "object_repr": "Order 42", "action_flag": 3, "change_message": ""}}, {"model": "admin.logentry", "pk": 117, "fields": {"action_time": "2026-07-09T11:10:03.089Z", "user": ["manager"], "content_type": ["product", "order"], "object_id": "41", "object_repr": "Order 41", "action_flag": 3, "change_message": ""}}, {"model": "admin.logentry", "pk": 118, "fields": {"action_time": "2026-07-09T11:11:46.703Z", "user": ["manager"], "content_type": ["product", "order"], "object_id": "40", "object_repr": "Order 40", "action_flag": 3, "change_message": ""}}, {"model": "admin.logentry", "pk": 119, "fields": {"action_time": "2026-07-09T11:15:40.880Z", "user": ["manager"], "content_type": ["product", "order"], "object_id": "38", "object_repr": "Order 38", "action_flag": 3, "change_message": ""}}, {"model": "admin.logentry", "pk": 120, "fields": {"action_time": "2026-07-09T11:15:40.880Z", "user": ["manager"], "content_type": ["product", "order"], "object_id": "36", "object_repr": "Order 36", "action_flag": 3, "change_message": ""}}, {"model": "admin.logentry", "pk": 121, "fields": {"action_time": "2026-07-09T21:12:18.419Z", "user": ["manager"], "content_type": ["product", "order"], "object_id": "55", "object_repr": "Order 55", "action_flag": 3, "change_message": ""}}, {"model": "admin.logentry", "pk": 122, "fields": {"action_time": "2026-07-09T21:12:18.420Z", "user": ["manager"], "content_type": ["product", "order"], "object_id": "54", "object_repr": "Order 54", "action_flag": 3, "change_message": ""}}, {"model": "admin.logentry", "pk": 123, "fields": {"action_time": "2026-07-09T21:12:18.420Z", "user": ["manager"], "content_type": ["product", "order"], "object_id": "53", "object_repr": "Order 53", "action_flag": 3, "change_message": ""}}, {"model": "admin.logentry", "pk": 124, "fields": {"action_time": "2026-07-09T21:12:18.420Z", "user": ["manager"], "content_type": ["product", "order"], "object_id": "52", "object_repr": "Order 52", "action_flag": 3, "change_message": ""}}, {"model": "admin.logentry", "pk": 125, "fields": {"action_time": "2026-07-09T21:12:18.420Z", "user": ["manager"], "content_type": ["product", "order"], "object_id": "51", "object_repr": "Order 51", "action_flag": 3, "change_message": ""}}, {"model": "admin.logentry", "pk": 126, "fields": {"action_time": "2026-07-09T21:12:18.420Z", "user": ["manager"], "content_type": ["product", "order"], "object_id": "50", "object_repr": "Order 50", "action_flag": 3, "change_message": ""}}, {"model": "admin.logentry", "pk": 127, "fields": {"action_time": "2026-07-09T21:12:18.420Z", "user": ["manager"], "content_type": ["product", "order"], "object_id": "49", "object_repr": "Order 49", "action_flag": 3, "change_message": ""}}, {"model": "admin.logentry", "pk": 128, "fields": {"action_time": "2026-07-09T21:12:18.420Z", "user": ["manager"], "content_type": ["product", "order"], "object_id": "47", "object_repr": "Order 47", "action_flag": 3, "change_message": ""}}, {"model": "admin.logentry", "pk": 129, "fields": {"action_time": "2026-07-09T21:12:18.420Z", "user": ["manager"], "content_type": ["product", "order"], "object_id": "46", "object_repr": "Order 46", "action_flag": 3, "change_message": ""}}, {"model": "admin.logentry", "pk": 130, "fields": {"action_time": "2026-07-09T21:12:18.420Z", "user": ["manager"], "content_type": ["product", "order"], "object_id": "39", "object_repr": "Order 39", "action_flag": 3, "change_message": ""}}, {"model": "admin.logentry", "pk": 131, "fields": {"action_time": "2026-07-09T21:12:18.420Z", "user": ["manager"], "content_type": ["product", "order"], "object_id": "32", "object_repr": "Order 32", "action_flag": 3, "change_message": ""}}, {"model": "admin.logentry", "pk": 132, "fields": {"action_time": "2026-07-09T21:12:18.420Z", "user": ["manager"], "content_type": ["product", "order"], "object_id": "31", "object_repr": "Order 31", "action_flag": 3, "change_message": ""}}, {"model": "admin.logentry", "pk": 133, "fields": {"action_time": "2026-07-09T21:12:18.420Z", "user": ["manager"], "content_type": ["product", "order"], "object_id": "30", "object_repr": "Order 30", "action_flag": 3, "change_message": ""}}, {"model": "admin.logentry", "pk": 134, "fields": {"action_time": "2026-07-09T21:12:18.420Z", "user": ["manager"], "content_type": ["product", "order"], "object_id": "29", "object_repr": "Order 29", "action_flag": 3, "change_message": ""}}, {"model": "admin.logentry", "pk": 135, "fields": {"action_time": "2026-07-09T21:12:18.420Z", "user": ["manager"], "content_type": ["product", "order"], "object_id": "28", "object_repr": "Order 28", "action_flag": 3, "change_message": ""}}, {"model": "admin.logentry", "pk": 136, "fields": {"action_time": "2026-07-09T21:12:18.420Z", "user": ["manager"], "content_type": ["product", "order"], "object_id": "27", "object_repr": "Order 27", "action_flag": 3, "change_message": ""}}, {"model": "admin.logentry", "pk": 137, "fields": {"action_time": "2026-07-13T12:06:35.112Z", "user": ["manager"], "content_type": ["product", "order"], "object_id": "62", "object_repr": "Order 62", "action_flag": 3, "change_message": ""}}, {"model": "admin.logentry", "pk": 138, "fields": {"action_time": "2026-07-13T12:06:35.112Z", "user": ["manager"], "content_type": ["product", "order"], "object_id": "61", "object_repr": "Order 61", "action_flag": 3, "change_message": ""}}, {"model": "admin.logentry", "pk": 139, "fields": {"action_time": "2026-07-13T12:22:29.241Z", "user": ["manager"], "content_type": ["product", "order"], "object_id": "67", "object_repr": "Order 67", "action_flag": 3, "change_message": ""}}, {"model": "admin.logentry", "pk": 140, "fields": {"action_time": "2026-07-13T12:22:29.241Z", "user": ["manager"], "content_type": ["product", "order"], "object_id": "66", "object_repr": "Order 66", "action_flag": 3, "change_message": ""}}, {"model": "admin.logentry", "pk": 141, "fields": {"action_time": "2026-07-13T12:22:29.241Z", "user": ["manager"], "content_type": ["product", "order"], "object_id": "65", "object_repr": "Order 65", "action_flag": 3, "change_message": ""}}, {"model": "admin.logentry", "pk": 142, "fields": {"action_time": "2026-07-13T12:22:29.241Z", "user": ["manager"], "content_type": ["product", "order"], "object_id": "64", "object_repr": "Order 64", "action_flag": 3, "change_message": ""}}, {"model": "admin.logentry", "pk": 143, "fields": {"action_time": "2026-07-13T12:22:29.241Z", "user": ["manager"], "content_type": ["product", "order"], "object_id": "63", "object_repr": "Order 63", "action_flag": 3, "change_message": ""}}, {"model": "admin.logentry", "pk": 144, "fields": {"action_time": "2026-07-13T12:22:29.241Z", "user": ["manager"], "content_type": ["product", "order"], "object_id": "60", "object_repr": "Order 60", "action_flag": 3, "change_message": ""}}, {"model": "admin.logentry", "pk": 145, "fields": {"action_time": "2026-07-13T12:22:29.241Z", "user": ["manager"], "content_type": ["product", "order"], "object_id": "59", "object_repr": "Order 59", "action_flag": 3, "change_message": ""}}, {"model": "admin.logentry", "pk": 146, "fields": {"action_time": "2026-07-13T12:22:29.241Z", "user": ["manager"], "content_type": ["product", "order"], "object_id": "58", "object_repr": "Order 58", "action_flag": 3, "change_message": ""}}, {"model": "admin.logentry", "pk": 147, "fields": {"action_time": "2026-07-13T12:22:29.241Z", "user": ["manager"], "content_type": ["product", "order"], "object_id": "57", "object_repr": "Order 57", "action_flag": 3, "change_message": ""}}, {"model": "admin.logentry", "pk": 148, "fields": {"action_time": "2026-07-13T12:22:29.241Z", "user": ["manager"], "content_type": ["product", "order"], "object_id": "56", "object_repr": "Order 56", "action_flag": 3, "change_message": ""}}, {"model": "admin.logentry", "pk": 149, "fields": {"action_time": "2026-07-13T12:22:29.241Z", "user": ["manager"], "content_type": ["product", "order"], "object_id": "48", "object_repr": "Order 48", "action_flag": 3, "change_message": ""}}, {"model": "admin.logentry", "pk": 150, "fields": {"action_time": "2026-07-13T13:01:02.135Z", "user": ["manager"], "content_type": ["product", "size"], "object_id": "1", "object_repr": "S", "action_flag": 1, "change_message": "[{\"added\": {}}]"}}, {"model": "admin.logentry", "pk": 151, "fields": {"action_time": "2026-07-13T13:01:06.943Z", "user": ["manager"], "content_type": ["product", "size"], "object_id": "2", "object_repr": "M", "action_flag": 1, "change_message": "[{\"added\": {}}]"}}, {"model": "admin.logentry", "pk": 152, "fields": {"action_time": "2026-07-13T13:01:14.077Z", "user": ["manager"], "content_type": ["product", "size"], "object_id": "3", "object_repr": "L", "action_flag": 1, "change_message": "[{\"added\": {}}]"}}, {"model": "admin.logentry", "pk": 153, "fields": {"action_time": "2026-07-13T13:01:18.466Z", "user": ["manager"], "content_type": ["product", "size"], "object_id": "4", "object_repr": "XL", "action_flag": 1, "change_message": "[{\"added\": {}}]"}}, {"model": "admin.logentry", "pk": 154, "fields": {"action_time": "2026-07-13T13:01:25.625Z", "user": ["manager"], "content_type": ["product", "size"], "object_id": "5", "object_repr": "XXL", "action_flag": 1, "change_message": "[{\"added\": {}}]"}}, {"model": "admin.logentry", "pk": 155, "fields": {"action_time": "2026-07-13T13:40:53.708Z", "user": ["manager"], "content_type": ["product", "size"], "object_id": "6", "object_repr": "5", "action_flag": 1, "change_message": "[{\"added\": {}}]"}}, {"model": "admin.logentry", "pk": 156, "fields": {"action_time": "2026-07-13T13:40:58.456Z", "user": ["manager"], "content_type": ["product", "size"], "object_id": "7", "object_repr": "6", "action_flag": 1, "change_message": "[{\"added\": {}}]"}}, {"model": "admin.logentry", "pk": 157, "fields": {"action_time": "2026-07-13T13:41:07.890Z", "user": ["manager"], "content_type": ["product", "size"], "object_id": "8", "object_repr": "7", "action_flag": 1, "change_message": "[{\"added\": {}}]"}}, {"model": "admin.logentry", "pk": 158, "fields": {"action_time": "2026-07-13T13:41:12.836Z", "user": ["manager"], "content_type": ["product", "size"], "object_id": "9", "object_repr": "8", "action_flag": 1, "change_message": "[{\"added\": {}}]"}}, {"model": "admin.logentry", "pk": 159, "fields": {"action_time": "2026-07-13T13:41:16.392Z", "user": ["manager"], "content_type": ["product", "size"], "object_id": "10", "object_repr": "9", "action_flag": 1, "change_message": "[{\"added\": {}}]"}}, {"model": "admin.logentry", "pk": 160, "fields": {"action_time": "2026-07-13T13:41:21.141Z", "user": ["manager"], "content_type": ["product", "size"], "object_id": "11", "object_repr": "10", "action_flag": 1, "change_message": "[{\"added\": {}}]"}}, {"model": "admin.logentry", "pk": 161, "fields": {"action_time": "2026-07-13T13:41:24.692Z", "user": ["manager"], "content_type": ["product", "size"], "object_id": "12", "object_repr": "11", "action_flag": 1, "change_message": "[{\"added\": {}}]"}}, {"model": "admin.logentry", "pk": 162, "fields": {"action_time": "2026-07-13T19:09:17.166Z", "user": ["manager"], "content_type": ["product", "size"], "object_id": "13", "object_repr": "512GB", "action_flag": 1, "change_message": "[{\"added\": {}}]"}}, {"model": "admin.logentry", "pk": 163, "fields": {"action_time": "2026-07-13T19:09:23.259Z", "user": ["manager"], "content_type": ["product", "size"], "object_id": "14", "object_repr": "1TB", "action_flag": 1, "change_message": "[{\"added\": {}}]"}}, {"model": "admin.logentry", "pk": 164, "fields": {"action_time": "2026-07-13T19:11:28.902Z", "user": ["manager"], "content_type": ["product", "size"], "object_id": "14", "object_repr": "1TB", "action_flag": 3, "change_message": ""}}, {"model": "admin.logentry", "pk": 165, "fields": {"action_time": "2026-07-13T19:11:28.902Z", "user": ["manager"], "content_type": ["product", "size"], "object_id": "13", "object_repr": "512GB", "action_flag": 3, "change_message": ""}}, {"model": "admin.logentry", "pk": 166, "fields": {"action_time": "2026-07-16T10:53:07.545Z", "user": ["manager"], "content_type": ["product", "size"], "object_id": "13", "object_repr": "XS", "action_flag": 1, "change_message": "[{\"added\": {}}]"}}, {"model": "admin.logentry", "pk": 167, "fields": {"action_time": "2026-07-18T12:49:12.240Z", "user": ["manager"], "content_type": ["product", "order"], "object_id": "75", "object_repr": "Order 75", "action_flag": 3, "change_message": ""}}, {"model": "admin.logentry", "pk": 168, "fields": {"action_time": "2026-07-18T12:49:12.240Z", "user": ["manager"], "content_type": ["product", "order"], "object_id": "74", "object_repr": "Order 74", "action_flag": 3, "change_message": ""}}, {"model": "admin.logentry", "pk": 169, "fields": {"action_time": "2026-07-18T12:49:12.240Z", "user": ["manager"], "content_type": ["product", "order"], "object_id": "73", "object_repr": "Order 73", "action_flag": 3, "change_message": ""}}, {"model": "admin.logentry", "pk": 170, "fields": {"action_time": "2026-07-18T12:49:12.240Z", "user": ["manager"], "content_type": ["product", "order"], "object_id": "72", "object_repr": "Order 72", "action_flag": 3, "change_message": ""}}, {"model": "admin.logentry", "pk": 171, "fields": {"action_time": "2026-07-18T12:49:12.240Z", "user": ["manager"], "content_type": ["product", "order"], "object_id": "71", "object_repr": "Order 71", "action_flag": 3, "change_message": ""}}, {"model": "admin.logentry", "pk": 172, "fields": {"action_time": "2026-07-18T12:49:12.240Z", "user": ["manager"], "content_type": ["product", "order"], "object_id": "70", "object_repr": "Order 70", "action_flag": 3, "change_message": ""}}, {"model": "admin.logentry", "pk": 173, "fields": {"action_time": "2026-07-18T12:49:12.240Z", "user": ["manager"], "content_type": ["product", "order"], "object_id": "69", "object_repr": "Order 69", "action_flag": 3, "change_message": ""}}, {"model": "admin.logentry", "pk": 174, "fields": {"action_time": "2026-07-18T12:49:12.240Z", "user": ["manager"], "content_type": ["product", "order"], "object_id": "68", "object_repr": "Order 68", "action_flag": 3, "change_message": ""}}, {"model": "admin.logentry", "pk": 175, "fields": {"action_time": "2026-07-18T16:43:53.350Z", "user": ["manager"], "content_type": ["product", "orderitem"], "object_id": "67", "object_repr": "Xiaomi 80 cm (32 inch) F Series HD Ready Smart LED Fire TV L32MB-FIN", "action_flag": 3, "change_message": ""}}, {"model": "admin.logentry", "pk": 176, "fields": {"action_time": "2026-07-19T08:47:22.880Z", "user": ["manager"], "content_type": ["product", "order"], "object_id": "77", "object_repr": "Order 77", "action_flag": 3, "change_message": ""}}, {"model": "admin.logentry", "pk": 177, "fields": {"action_time": "2026-07-19T08:47:22.880Z", "user": ["manager"], "content_type": ["product", "order"], "object_id": "76", "object_repr": "Order 76", "action_flag": 3, "change_message": ""}}, {"model": "admin.logentry", "pk": 178, "fields": {"action_time": "2026-07-19T09:22:59.686Z", "user": ["manager"], "content_type": ["product", "order"], "object_id": "79", "object_repr": "Order 79", "action_flag": 3, "change_message": ""}}, {"model": "admin.logentry", "pk": 179, "fields": {"action_time": "2026-07-19T09:22:59.686Z", "user": ["manager"], "content_type": ["product", "order"], "object_id": "78", "object_repr": "Order 78", "action_flag": 3, "change_message": ""}}, {"model": "admin.logentry", "pk": 180, "fields": {"action_time": "2026-07-19T10:00:26.565Z", "user": ["manager"], "content_type": ["product", "order"], "object_id": "81", "object_repr": "Order 81", "action_flag": 3, "change_message": ""}}, {"model": "admin.logentry", "pk": 181, "fields": {"action_time": "2026-07-19T10:00:26.565Z", "user": ["manager"], "content_type": ["product", "order"], "object_id": "80", "object_repr": "Order 80", "action_flag": 3, "change_message": ""}}]
